,equipmentId,year_fit,year_og,year_diff,n,s_fit,pf_fit,ambient_bias_fit,heatRunTest_deltaTopOil_fit,heatRunTest_deltaHotspot_fit,heatRunTest_x_fit,heatRunTest_y_fit,heatRunTest_h_fit,heatRunTest_copperLosses_fit,heatRunTest_noLoadLosses_fit,nominalLoad_fit,MAE_fit,RMSE_fit,Bias_fit,R2_fit,s_og,pf_og,ambient_bias_og,heatRunTest_deltaTopOil_og,heatRunTest_deltaHotspot_og,heatRunTest_x_og,heatRunTest_y_og,heatRunTest_h_og,heatRunTest_copperLosses_og,heatRunTest_noLoadLosses_og,nominalLoad_og,MAE_og,RMSE_og,Bias_og,R2_og,error,s_diff,pf_diff,ambient_bias_diff,heatRunTest_deltaTopOil_diff,heatRunTest_deltaHotspot_diff,heatRunTest_x_diff,heatRunTest_y_diff,heatRunTest_h_diff,heatRunTest_copperLosses_diff,heatRunTest_noLoadLosses_diff,nominalLoad_diff,MAE_diff,RMSE_diff,Bias_diff,R2_diff
0,24917,2024.0,1997.0,27.0,14664.0,1.4092740719551288e-20,1.0,0.0,54.8,72.0,0.73,1.4,1.3,200.4,15.6,40.0,4.737508713336393,5.781922544447535,-1.5732982551534136,0.07726283982702198,0.0,1.0,0.0,54.8,72.0,0.73,1.4,1.3,200.4,15.6,40.0,4.737508713336393,5.781922544447535,-1.5732982551534136,0.07726283982702198,,1.4092740719551288e-20,0.0,0.0,0.0,0.0,0.0,0.0,0.0,0.0,0.0,0.0,0.0,0.0,0.0,0.0
1,33291,2024.0,1998.0,26.0,14664.0,3.778599812233444e-21,1.0,0.0,47.9,65.4,0.74,1.43,1.3,244.3,19.97,50.0,6.079759353714199,6.772061434641364,-6.000365133537553,-0.6889808051820201,0.0,1.0,0.0,47.9,65.4,0.74,1.43,1.3,244.3,19.97,50.0,6.079759353714199,6.772061434641364,-6.000365133537553,-0.6889808051820201,,3.778599812233444e-21,0.0,0.0,0.0,0.0,0.0,0.0,0.0,0.0,0.0,0.0,0.0,0.0,0.0,0.0
2,5004597,2024.0,2001.0,23.0,14664.0,2.6575930138742167e-20,1.0,0.0,48.9,65.7,0.62,1.98,1.3,216.05,16.15,40.0,2.870896387484958,4.253589330448526,-1.8763935344814813,0.5172591594532627,0.0,1.0,0.0,48.9,65.7,0.62,1.98,1.3,216.05,16.15,40.0,2.870896387484958,4.253589330448526,-1.8763935344814813,0.5172591594532627,,2.6575930138742167e-20,0.0,0.0,0.0,0.0,0.0,0.0,0.0,0.0,0.0,0.0,0.0,0.0,0.0,0.0
3,5004625,2024.0,2001.0,23.0,14664.0,2.4619544592477688e-20,1.0,0.0,48.9,65.7,0.62,1.98,1.3,223.28,16.02,40.0,3.081849102951487,4.448062809240475,-1.9279424062463928,0.5196633982197425,0.0,1.0,0.0,48.9,65.7,0.62,1.98,1.3,223.28,16.02,40.0,3.081849102951487,4.448062809240475,-1.9279424062463928,0.5196633982197425,,2.4619544592477688e-20,0.0,0.0,0.0,0.0,0.0,0.0,0.0,0.0,0.0,0.0,0.0,0.0,0.0,0.0
4,5017843,2024.0,2005.0,19.0,14664.0,3.537075998065031e-21,1.0,0.0,45.4,60.8,0.9,1.6,1.35,157.09,11.15,25.0,5.3513484069639485,5.765622152884834,-5.330528353407116,0.12233392464844728,0.0,1.0,0.0,45.4,60.8,0.9,1.6,1.35,157.09,11.15,25.0,5.3513484069639485,5.765622152884834,-5.330528353407116,0.12233392464844728,,3.537075998065031e-21,0.0,0.0,0.0,0.0,0.0,0.0,0.0,0.0,0.0,0.0,0.0,0.0,0.0,0.0
5,5017873,2024.0,2004.0,20.0,14664.0,3.0893644915207047e-21,1.0,0.0,45.4,60.8,0.9,1.6,1.35,157.09,11.15,25.0,5.711494203676934,6.2758684303035785,-5.661650577371349,-0.5155329928818477,0.0,1.0,0.0,45.4,60.8,0.9,1.6,1.35,157.09,11.15,25.0,5.711494203676934,6.2758684303035785,-5.661650577371349,-0.5155329928818477,,3.0893644915207047e-21,0.0,0.0,0.0,0.0,0.0,0.0,0.0,0.0,0.0,0.0,0.0,0.0,0.0,0.0
6,5025312,2024.0,2007.0,17.0,14664.0,8.509400831789063e-21,1.0,0.0,51.9,67.7,0.66,1.34,1.1,106.3,12.27,25.0,4.933581171232843,5.728841133143322,-4.843098085340972,-0.027694073281786302,0.0,1.0,0.0,51.9,67.7,0.66,1.34,1.1,106.3,12.27,25.0,4.933581171232843,5.728841133143322,-4.843098085340972,-0.027694073281786302,,8.509400831789063e-21,0.0,0.0,0.0,0.0,0.0,0.0,0.0,0.0,0.0,0.0,0.0,0.0,0.0,0.0
7,5026188,2024.0,2006.0,18.0,14664.0,3.091031777442882e-21,1.0,0.0,49.4,71.9,0.79,1.39,1.3,271.8,18.15,50.0,6.175639064701247,6.8396954455900865,-6.080098792155109,-0.9743970927366776,0.0,1.0,0.0,49.4,71.9,0.79,1.39,1.3,271.8,18.15,50.0,6.175639064701247,6.8396954455900865,-6.080098792155109,-0.9743970927366776,,3.091031777442882e-21,0.0,0.0,0.0,0.0,0.0,0.0,0.0,0.0,0.0,0.0,0.0,0.0,0.0,0.0
8,5027447,2024.0,2007.0,17.0,14664.0,6.829280685420223e-22,1.0,0.0,46.7,63.0,0.9,1.6,1.09,236.62,17.18,50.0,13.087093426811434,14.35594535778994,-12.82365222598761,-2.556022648200472,0.0,1.0,0.0,46.7,63.0,0.9,1.6,1.09,236.62,17.18,50.0,13.087093426811434,14.35594535778994,-12.82365222598761,-2.556022648200472,,6.829280685420223e-22,0.0,0.0,0.0,0.0,0.0,0.0,0.0,0.0,0.0,0.0,0.0,0.0,0.0,0.0
9,5030256,2024.0,2007.0,17.0,14664.0,9.660564825824383e-22,1.0,0.0,51.9,67.7,0.66,1.34,1.1,106.3,12.27,25.0,12.441483987553202,13.941920699829632,-12.32449951001153,-3.202762101374492,0.0,1.0,0.0,51.9,67.7,0.66,1.34,1.1,106.3,12.27,25.0,12.441483987553202,13.941920699829632,-12.32449951001153,-3.202762101374492,,9.660564825824383e-22,0.0,0.0,0.0,0.0,0.0,0.0,0.0,0.0,0.0,0.0,0.0,0.0,0.0,0.0
10,50033827,2024.0,2008.0,16.0,14664.0,1.6511559002324124e-21,1.0,0.0,54.1,67.4,0.73,1.48,1.13,186.51,16.37,40.0,9.57691986195348,10.420192300099295,-9.557369511619347,-2.694799468954338,0.0,1.0,0.0,54.1,67.4,0.73,1.48,1.13,186.51,16.37,40.0,9.57691986195348,10.420192300099295,-9.557369511619347,-2.694799468954338,,1.6511559002324124e-21,0.0,0.0,0.0,0.0,0.0,0.0,0.0,0.0,0.0,0.0,0.0,0.0,0.0,0.0
11,50249457,2024.0,2011.0,13.0,14664.0,3.5548216071437076e-21,1.0,0.0,51.9,67.7,0.66,1.34,1.1,106.3,9.5,25.0,7.61933732320644,8.899492525945051,-6.987040629592726,-0.3226975590104886,0.0,1.0,0.0,51.9,67.7,0.66,1.34,1.1,106.3,9.5,25.0,7.61933732320644,8.899492525945051,-6.987040629592726,-0.3226975590104886,,3.5548216071437076e-21,0.0,0.0,0.0,0.0,0.0,0.0,0.0,0.0,0.0,0.0,0.0,0.0,0.0,0.0
12,50250035,2024.0,2013.0,11.0,14664.0,1.200691433211933e-21,1.0,0.0,51.0,70.0,0.75,1.41,1.19,156.87,10.11,25.0,10.556226273177474,11.458220557409955,-10.525468190860009,-1.8024352907098726,0.0,1.0,0.0,51.0,70.0,0.75,1.41,1.19,156.87,10.11,25.0,10.556226273177474,11.458220557409955,-10.525468190860009,-1.8024352907098726,,1.200691433211933e-21,0.0,0.0,0.0,0.0,0.0,0.0,0.0,0.0,0.0,0.0,0.0,0.0,0.0,0.0
13,50277055,2024.0,2013.0,11.0,14664.0,1.26646521660697e-21,1.0,0.0,46.8,62.8,0.72,1.32,1.16,149.18,15.51,40.0,10.418234128937272,11.865488449541461,-10.292295112198817,-1.23176064093864,0.0,1.0,0.0,46.8,62.8,0.72,1.32,1.16,149.18,15.51,40.0,10.418234128937272,11.865488449541461,-10.292295112198817,-1.23176064093864,,1.26646521660697e-21,0.0,0.0,0.0,0.0,0.0,0.0,0.0,0.0,0.0,0.0,0.0,0.0,0.0,0.0
14,50282127,2024.0,2015.0,9.0,14664.0,5.2620965420590144e-21,1.0,0.0,46.8,62.8,0.72,1.32,1.16,149.18,15.51,40.0,6.797240291248189,8.017658096909624,-6.050854741055837,-0.8935940317771218,0.0,1.0,0.0,46.8,62.8,0.72,1.32,1.16,149.18,15.51,40.0,6.797240291248189,8.017658096909624,-6.050854741055837,-0.8935940317771218,,5.2620965420590144e-21,0.0,0.0,0.0,0.0,0.0,0.0,0.0,0.0,0.0,0.0,0.0,0.0,0.0,0.0
0,24917,2024.0,1997.0,27.0,14664.0,0.0,0.9986862188444864,0.0,54.8,72.0,0.73,1.4,1.3,200.4,15.6,40.0,4.737658204318531,5.781722971581025,-1.538587910424436,0.07732653840495829,0.0,1.0,0.0,54.8,72.0,0.73,1.4,1.3,200.4,15.6,40.0,4.737508713336393,5.781922544447535,-1.5732982551534136,0.07726283982702198,,0.0,-0.0013137811555136159,0.0,0.0,0.0,0.0,0.0,0.0,0.0,0.0,0.0,0.00014949098213801193,-0.00019957286651006712,0.034710344728977605,6.369857793631084e-05
1,33291,2024.0,1998.0,26.0,14664.0,0.0,0.8000000000000002,0.0,47.9,65.4,0.74,1.43,1.3,244.3,19.97,50.0,4.649039587919232,5.507309617547648,-3.5066862203176177,-0.11702250037638251,0.0,1.0,0.0,47.9,65.4,0.74,1.43,1.3,244.3,19.97,50.0,6.079759353714199,6.772061434641364,-6.000365133537553,-0.6889808051820201,,0.0,-0.19999999999999984,0.0,0.0,0.0,0.0,0.0,0.0,0.0,0.0,0.0,-1.4307197657949677,-1.2647518170937158,2.4936789132199353,0.5719583048056376
2,5004597,2024.0,2001.0,23.0,14664.0,0.0,0.9283672149891632,0.0,48.9,65.7,0.62,1.98,1.3,216.05,16.15,40.0,2.8357582114974,4.194253121237746,-1.4082088005672788,0.5306333815066784,0.0,1.0,0.0,48.9,65.7,0.62,1.98,1.3,216.05,16.15,40.0,2.870896387484958,4.253589330448526,-1.8763935344814813,0.5172591594532627,,0.0,-0.07163278501083681,0.0,0.0,0.0,0.0,0.0,0.0,0.0,0.0,0.0,-0.035138175987558196,-0.05933620921078031,0.46818473391420246,0.013374222053415652
3,5004625,2024.0,2001.0,23.0,14664.0,0.0,0.9038666225841818,0.0,48.9,65.7,0.62,1.98,1.3,223.28,16.02,40.0,3.0261146226865705,4.345296085912205,-1.3204806438460175,0.5416021122643566,0.0,1.0,0.0,48.9,65.7,0.62,1.98,1.3,223.28,16.02,40.0,3.081849102951487,4.448062809240475,-1.9279424062463928,0.5196633982197425,,0.0,-0.09613337741581818,0.0,0.0,0.0,0.0,0.0,0.0,0.0,0.0,0.0,-0.05573448026491645,-0.10276672332827008,0.6074617624003753,0.021938714044614116
4,5017843,2024.0,2005.0,19.0,14664.0,0.0,0.8000000000000003,0.0,45.4,60.8,0.9,1.6,1.35,157.09,11.15,25.0,4.899282330025263,5.358262345131221,-4.8047912885324005,0.24197260230170692,0.0,1.0,0.0,45.4,60.8,0.9,1.6,1.35,157.09,11.15,25.0,5.3513484069639485,5.765622152884834,-5.330528353407116,0.12233392464844728,,0.0,-0.19999999999999973,0.0,0.0,0.0,0.0,0.0,0.0,0.0,0.0,0.0,-0.45206607693868595,-0.4073598077536129,0.5257370648747157,0.11963867765325964
5,5017873,2024.0,2004.0,20.0,14664.0,0.0,0.8000000000000002,0.0,45.4,60.8,0.9,1.6,1.35,157.09,11.15,25.0,3.925892552716474,4.698062470800212,-3.571245979941078,0.15071137096098008,0.0,1.0,0.0,45.4,60.8,0.9,1.6,1.35,157.09,11.15,25.0,5.711494203676934,6.2758684303035785,-5.661650577371349,-0.5155329928818477,,0.0,-0.19999999999999984,0.0,0.0,0.0,0.0,0.0,0.0,0.0,0.0,0.0,-1.78560165096046,-1.5778059595033662,2.090404597430271,0.6662443638428278
6,5025312,2024.0,2007.0,17.0,14664.0,0.0,0.8000000000000026,0.0,51.9,67.7,0.66,1.34,1.1,106.3,12.27,25.0,3.638122129274288,4.561995944497984,-2.7488628878219195,0.3483114603158973,0.0,1.0,0.0,51.9,67.7,0.66,1.34,1.1,106.3,12.27,25.0,4.933581171232843,5.728841133143322,-4.843098085340972,-0.027694073281786302,,0.0,-0.1999999999999974,0.0,0.0,0.0,0.0,0.0,0.0,0.0,0.0,0.0,-1.2954590419585554,-1.166845188645338,2.0942351975190525,0.3760055335976836
7,5026188,2024.0,2006.0,18.0,14664.0,0.0,0.8000000000000002,0.0,49.4,71.9,0.79,1.39,1.3,271.8,18.15,50.0,4.6956746356128365,5.52663860762685,-3.242274105931511,-0.28908960923730165,0.0,1.0,0.0,49.4,71.9,0.79,1.39,1.3,271.8,18.15,50.0,6.175639064701247,6.8396954455900865,-6.080098792155109,-0.9743970927366776,,0.0,-0.19999999999999984,0.0,0.0,0.0,0.0,0.0,0.0,0.0,0.0,0.0,-1.4799644290884109,-1.3130568379632361,2.837824686223598,0.685307483499376
8,5027447,2024.0,2007.0,17.0,14664.0,0.0,0.8000000000000002,0.0,46.7,63.0,0.9,1.6,1.09,236.62,17.18,50.0,10.892092316025202,12.674309229581182,-10.567987876114552,-1.7717210673792612,0.0,1.0,0.0,46.7,63.0,0.9,1.6,1.09,236.62,17.18,50.0,13.087093426811434,14.35594535778994,-12.82365222598761,-2.556022648200472,,0.0,-0.19999999999999984,0.0,0.0,0.0,0.0,0.0,0.0,0.0,0.0,0.0,-2.1950011107862313,-1.6816361282087584,2.255664349873058,0.7843015808212108
9,5030256,2024.0,2007.0,17.0,14664.0,0.0,0.8042793636205087,0.0,51.9,67.7,0.66,1.34,1.1,106.3,12.27,25.0,7.281923352958775,9.170808410651109,-2.9468863413660062,-0.818464520792793,0.0,1.0,0.0,51.9,67.7,0.66,1.34,1.1,106.3,12.27,25.0,12.441483987553202,13.941920699829632,-12.32449951001153,-3.202762101374492,,0.0,-0.19572063637949133,0.0,0.0,0.0,0.0,0.0,0.0,0.0,0.0,0.0,-5.159560634594427,-4.771112289178523,9.377613168645523,2.384297580581699
10,50033827,2024.0,2008.0,16.0,14664.0,0.0,0.8000000000000002,0.0,54.1,67.4,0.73,1.48,1.13,186.51,16.37,40.0,6.172709971530199,7.263018317201141,-4.660056585861444,-0.795038153433403,0.0,1.0,0.0,54.1,67.4,0.73,1.48,1.13,186.51,16.37,40.0,9.57691986195348,10.420192300099295,-9.557369511619347,-2.694799468954338,,0.0,-0.19999999999999984,0.0,0.0,0.0,0.0,0.0,0.0,0.0,0.0,0.0,-3.4042098904232807,-3.157173982898154,4.897312925757904,1.8997613155209352
11,50249457,2024.0,2011.0,13.0,14664.0,0.0,0.8178700294723531,0.0,51.9,67.7,0.66,1.34,1.1,106.3,9.5,25.0,5.604574575212306,6.72730818785684,-2.1705742805978265,0.24418985961769935,0.0,1.0,0.0,51.9,67.7,0.66,1.34,1.1,106.3,9.5,25.0,7.61933732320644,8.899492525945051,-6.987040629592726,-0.3226975590104886,,0.0,-0.1821299705276469,0.0,0.0,0.0,0.0,0.0,0.0,0.0,0.0,0.0,-2.0147627479941344,-2.1721843380882113,4.816466348994899,0.5668874186281879
12,50250035,2024.0,2013.0,11.0,14664.0,0.0,0.8000000000000002,0.0,51.0,70.0,0.75,1.41,1.19,156.87,10.11,25.0,8.89723525961543,10.116592134765774,-8.796420038994134,-1.1845888881750084,0.0,1.0,0.0,51.0,70.0,0.75,1.41,1.19,156.87,10.11,25.0,10.556226273177474,11.458220557409955,-10.525468190860009,-1.8024352907098726,,0.0,-0.19999999999999984,0.0,0.0,0.0,0.0,0.0,0.0,0.0,0.0,0.0,-1.6589910135620443,-1.341628422644181,1.7290481518658751,0.6178464025348642
13,50277055,2024.0,2013.0,11.0,14664.0,0.0,0.8195032565267858,0.0,46.8,62.8,0.72,1.32,1.16,149.18,15.51,40.0,6.237444025663234,7.643671557691974,-1.9200650952536908,0.07385196982817155,0.0,1.0,0.0,46.8,62.8,0.72,1.32,1.16,149.18,15.51,40.0,10.418234128937272,11.865488449541461,-10.292295112198817,-1.23176064093864,,0.0,-0.1804967434732142,0.0,0.0,0.0,0.0,0.0,0.0,0.0,0.0,0.0,-4.180790103274037,-4.221816891849487,8.372230016945126,1.3056126107668113
14,50282127,2024.0,2015.0,9.0,14664.0,0.0,0.8000000000000002,0.0,46.8,62.8,0.72,1.32,1.16,149.18,15.51,40.0,5.416288698324076,6.700079274049337,-3.6105329718180927,-0.32236605933670726,0.0,1.0,0.0,46.8,62.8,0.72,1.32,1.16,149.18,15.51,40.0,6.797240291248189,8.017658096909624,-6.050854741055837,-0.8935940317771218,,0.0,-0.19999999999999984,0.0,0.0,0.0,0.0,0.0,0.0,0.0,0.0,0.0,-1.380951592924113,-1.3175788228602876,2.4403217692377446,0.5712279724404146
0,24917,2024.0,1997.0,27.0,14664.0,0.0,1.0,1.7497169137509831,54.8,72.0,0.73,1.4,1.3,200.4,15.6,40.0,4.506277833538623,5.5665504985963485,0.17641865859756994,0.14472499878947398,0.0,1.0,0.0,54.8,72.0,0.73,1.4,1.3,200.4,15.6,40.0,4.737508713336393,5.781922544447535,-1.5732982551534136,0.07726283982702198,,0.0,0.0,1.7497169137509831,0.0,0.0,0.0,0.0,0.0,0.0,0.0,0.0,-0.2312308797977698,-0.2153720458511863,1.7497169137509836,0.067462158962452
1,33291,2024.0,1998.0,26.0,14664.0,0.0,1.0,4.999999999999999,47.9,65.4,0.74,1.43,1.3,244.3,19.97,50.0,2.702906991890298,3.2950212046633816,-1.0003651335375532,0.6001479168324306,0.0,1.0,0.0,47.9,65.4,0.74,1.43,1.3,244.3,19.97,50.0,6.079759353714199,6.772061434641364,-6.000365133537553,-0.6889808051820201,,0.0,0.0,4.999999999999999,0.0,0.0,0.0,0.0,0.0,0.0,0.0,0.0,-3.3768523618239015,-3.477040229977982,5.0,1.2891287220144507
2,5004597,2024.0,2001.0,23.0,14664.0,0.0,1.0,1.5974864983741297,48.9,65.7,0.62,1.98,1.3,216.05,16.15,40.0,2.55088594542076,3.8275264376163136,-0.27890703610735124,0.6091237125425322,0.0,1.0,0.0,48.9,65.7,0.62,1.98,1.3,216.05,16.15,40.0,2.870896387484958,4.253589330448526,-1.8763935344814813,0.5172591594532627,,0.0,0.0,1.5974864983741297,0.0,0.0,0.0,0.0,0.0,0.0,0.0,0.0,-0.32001044206419804,-0.42606289283221255,1.59748649837413,0.09186455308926944
3,5004625,2024.0,2001.0,23.0,14664.0,0.0,1.0,1.699176473171677,48.9,65.7,0.62,1.98,1.3,223.28,16.02,40.0,2.7058111153512625,4.015051019013417,-0.22876593307471615,0.6086313849265369,0.0,1.0,0.0,48.9,65.7,0.62,1.98,1.3,223.28,16.02,40.0,3.081849102951487,4.448062809240475,-1.9279424062463928,0.5196633982197425,,0.0,0.0,1.699176473171677,0.0,0.0,0.0,0.0,0.0,0.0,0.0,0.0,-0.37603798760022444,-0.4330117902270576,1.6991764731716765,0.0889679867067944
4,5017843,2024.0,2005.0,19.0,14664.0,0.0,1.0,4.999999999999976,45.4,60.8,0.9,1.6,1.35,157.09,11.15,25.0,1.7227745048583358,2.2219620329261254,-0.33052835340714015,0.8696502435811919,0.0,1.0,0.0,45.4,60.8,0.9,1.6,1.35,157.09,11.15,25.0,5.3513484069639485,5.765622152884834,-5.330528353407116,0.12233392464844728,,0.0,0.0,4.999999999999976,0.0,0.0,0.0,0.0,0.0,0.0,0.0,0.0,-3.6285739021056127,-3.5436601199587088,4.999999999999976,0.7473163189327446
5,5017873,2024.0,2004.0,20.0,14664.0,0.0,1.0,4.999999999999924,45.4,60.8,0.9,1.6,1.35,157.09,11.15,25.0,2.173853162532355,2.7874753417326774,-0.6616505773714257,0.7010216069895587,0.0,1.0,0.0,45.4,60.8,0.9,1.6,1.35,157.09,11.15,25.0,5.711494203676934,6.2758684303035785,-5.661650577371349,-0.5155329928818477,,0.0,0.0,4.999999999999924,0.0,0.0,0.0,0.0,0.0,0.0,0.0,0.0,-3.537641041144579,-3.488393088570901,4.999999999999923,1.2165545998714065
6,5025312,2024.0,2007.0,17.0,14664.0,0.0,1.0,4.779242554356234,51.9,67.7,0.66,1.34,1.1,106.3,12.27,25.0,2.5185977687378234,3.060735074030227,-0.06385553098473865,0.7066529166034828,0.0,1.0,0.0,51.9,67.7,0.66,1.34,1.1,106.3,12.27,25.0,4.933581171232843,5.728841133143322,-4.843098085340972,-0.027694073281786302,,0.0,0.0,4.779242554356234,0.0,0.0,0.0,0.0,0.0,0.0,0.0,0.0,-2.41498340249502,-2.668106059113095,4.779242554356233,0.7343469898852691
7,5026188,2024.0,2006.0,18.0,14664.0,0.0,1.0,4.999999999999999,49.4,71.9,0.79,1.39,1.3,271.8,18.15,50.0,2.7019371104056074,3.313675582623422,-1.0800987921551097,0.5365734087039967,0.0,1.0,0.0,49.4,71.9,0.79,1.39,1.3,271.8,18.15,50.0,6.175639064701247,6.8396954455900865,-6.080098792155109,-0.9743970927366776,,0.0,0.0,4.999999999999999,0.0,0.0,0.0,0.0,0.0,0.0,0.0,0.0,-3.47370195429564,-3.5260198629666646,4.999999999999999,1.5109705014406742
8,5027447,2024.0,2007.0,17.0,14664.0,0.0,1.0,4.999999999999999,46.7,63.0,0.9,1.6,1.09,236.62,17.18,50.0,8.228390049173319,10.14182650492378,-7.823652225987609,-0.7747340377381551,0.0,1.0,0.0,46.7,63.0,0.9,1.6,1.09,236.62,17.18,50.0,13.087093426811434,14.35594535778994,-12.82365222598761,-2.556022648200472,,0.0,0.0,4.999999999999999,0.0,0.0,0.0,0.0,0.0,0.0,0.0,0.0,-4.858703377638115,-4.214118852866161,5.000000000000001,1.781288610462317
9,5030256,2024.0,2007.0,17.0,14664.0,0.0,1.0,4.999999999999999,51.9,67.7,0.66,1.34,1.1,106.3,12.27,25.0,8.018565235872822,9.804700796058118,-7.324499510011532,-1.0785394954357486,0.0,1.0,0.0,51.9,67.7,0.66,1.34,1.1,106.3,12.27,25.0,12.441483987553202,13.941920699829632,-12.32449951001153,-3.202762101374492,,0.0,0.0,4.999999999999999,0.0,0.0,0.0,0.0,0.0,0.0,0.0,0.0,-4.422918751680379,-4.1372199037715145,4.999999999999997,2.1242226059387432
10,50033827,2024.0,2008.0,16.0,14664.0,0.0,1.0,4.999999999999999,54.1,67.4,0.73,1.48,1.13,186.51,16.37,40.0,5.209474729738254,6.1649584309105565,-4.557369511619347,-0.29330128829192126,0.0,1.0,0.0,54.1,67.4,0.73,1.48,1.13,186.51,16.37,40.0,9.57691986195348,10.420192300099295,-9.557369511619347,-2.694799468954338,,0.0,0.0,4.999999999999999,0.0,0.0,0.0,0.0,0.0,0.0,0.0,0.0,-4.3674451322152255,-4.255233869188738,5.0,2.4014981806624167
11,50249457,2024.0,2011.0,13.0,14664.0,0.0,1.0,4.999999999999999,51.9,67.7,0.66,1.34,1.1,106.3,9.5,25.0,4.598058401348361,5.859228696972373,-1.987040629592726,0.4266616844828204,0.0,1.0,0.0,51.9,67.7,0.66,1.34,1.1,106.3,9.5,25.0,7.61933732320644,8.899492525945051,-6.987040629592726,-0.3226975590104886,,0.0,0.0,4.999999999999999,0.0,0.0,0.0,0.0,0.0,0.0,0.0,0.0,-3.0212789218580793,-3.0402638289726784,5.0,0.749359243493309
12,50250035,2024.0,2013.0,11.0,14664.0,0.0,1.0,4.999999999999999,51.0,70.0,0.75,1.41,1.19,156.87,10.11,25.0,5.77707259111314,7.1439580369464695,-5.52546819086001,-0.08937907196456107,0.0,1.0,0.0,51.0,70.0,0.75,1.41,1.19,156.87,10.11,25.0,10.556226273177474,11.458220557409955,-10.525468190860009,-1.8024352907098726,,0.0,0.0,4.999999999999999,0.0,0.0,0.0,0.0,0.0,0.0,0.0,0.0,-4.779153682064334,-4.314262520463486,4.999999999999999,1.7130562187453116
13,50277055,2024.0,2013.0,11.0,14664.0,0.0,1.0,4.999999999999999,46.8,62.8,0.72,1.32,1.16,149.18,15.51,40.0,6.334482002506375,7.9288627825315325,-5.2922951121988175,0.0034521045574421594,0.0,1.0,0.0,46.8,62.8,0.72,1.32,1.16,149.18,15.51,40.0,10.418234128937272,11.865488449541461,-10.292295112198817,-1.23176064093864,,0.0,0.0,4.999999999999999,0.0,0.0,0.0,0.0,0.0,0.0,0.0,0.0,-4.0837521264308965,-3.9366256670099284,4.999999999999999,1.235212745496082
14,50282127,2024.0,2015.0,9.0,14664.0,0.0,1.0,4.999999999999999,46.8,62.8,0.72,1.32,1.16,149.18,15.51,40.0,3.983995410198512,5.3641675913772575,-1.0508547410558378,0.15238918913034571,0.0,1.0,0.0,46.8,62.8,0.72,1.32,1.16,149.18,15.51,40.0,6.797240291248189,8.017658096909624,-6.050854741055837,-0.8935940317771218,,0.0,0.0,4.999999999999999,0.0,0.0,0.0,0.0,0.0,0.0,0.0,0.0,-2.8132448810496764,-2.6534905055323668,5.0,1.0459832209074675
0,24917,2024.0,1997.0,27.0,14664.0,0.0,1.0,0.0,79.99999999999484,72.0,0.73,1.4,1.3,200.4,15.6,40.0,4.3340647059735335,5.4129145412890605,-2.1491521042941297,0.19128441463086265,0.0,1.0,0.0,54.8,72.0,0.73,1.4,1.3,200.4,15.6,40.0,4.737508713336393,5.781922544447535,-1.5732982551534136,0.07726283982702198,,0.0,0.0,0.0,25.199999999994844,0.0,0.0,0.0,0.0,0.0,0.0,0.0,-0.4034440073628591,-0.3690080031584744,-0.5758538491407161,0.11402157480384068
1,33291,2024.0,1998.0,26.0,14664.0,0.0,1.0,0.0,79.99999999999999,65.4,0.74,1.43,1.3,244.3,19.97,50.0,4.046137641154211,4.7871062221003955,-3.889444306165471,0.15602600738149008,0.0,1.0,0.0,47.9,65.4,0.74,1.43,1.3,244.3,19.97,50.0,6.079759353714199,6.772061434641364,-6.000365133537553,-0.6889808051820201,,0.0,0.0,0.0,32.09999999999999,0.0,0.0,0.0,0.0,0.0,0.0,0.0,-2.033621712559988,-1.9849552125409682,2.110920827372082,0.8450068125635102
2,5004597,2024.0,2001.0,23.0,14664.0,0.0,1.0,0.0,57.206410808451835,65.7,0.62,1.98,1.3,216.05,16.15,40.0,2.5470846536617424,3.819246049973028,-0.2685716192715471,0.6108131097187708,0.0,1.0,0.0,48.9,65.7,0.62,1.98,1.3,216.05,16.15,40.0,2.870896387484958,4.253589330448526,-1.8763935344814813,0.5172591594532627,,0.0,0.0,0.0,8.306410808451837,0.0,0.0,0.0,0.0,0.0,0.0,0.0,-0.3238117338232156,-0.4343432804754981,1.6078219152099342,0.09355395026550806
3,5004625,2024.0,2001.0,23.0,14664.0,0.0,1.0,0.0,57.86811774766979,65.7,0.62,1.98,1.3,223.28,16.02,40.0,2.704239211272513,4.011416035691743,-0.22373315980683695,0.6093397068908382,0.0,1.0,0.0,48.9,65.7,0.62,1.98,1.3,223.28,16.02,40.0,3.081849102951487,4.448062809240475,-1.9279424062463928,0.5196633982197425,,0.0,0.0,0.0,8.968117747669794,0.0,0.0,0.0,0.0,0.0,0.0,0.0,-0.37760989167897385,-0.4366467735487314,1.704209246439556,0.08967630867109566
4,5017843,2024.0,2005.0,19.0,14664.0,0.0,1.0,0.0,79.9999999999974,60.8,0.9,1.6,1.35,157.09,11.15,25.0,3.1745584455540112,3.8545362360204405,-3.0205026668644765,0.6077334987107355,0.0,1.0,0.0,45.4,60.8,0.9,1.6,1.35,157.09,11.15,25.0,5.3513484069639485,5.765622152884834,-5.330528353407116,0.12233392464844728,,0.0,0.0,0.0,34.5999999999974,0.0,0.0,0.0,0.0,0.0,0.0,0.0,-2.1767899614099373,-1.9110859168643937,2.3100256865426396,0.4853995740622882
5,5017873,2024.0,2004.0,20.0,14664.0,0.0,1.0,0.0,79.99999999999999,60.8,0.9,1.6,1.35,157.09,11.15,25.0,5.053115417274314,5.66233523018758,-4.93134399733698,-0.23369808281618876,0.0,1.0,0.0,45.4,60.8,0.9,1.6,1.35,157.09,11.15,25.0,5.711494203676934,6.2758684303035785,-5.661650577371349,-0.5155329928818477,,0.0,0.0,0.0,34.59999999999999,0.0,0.0,0.0,0.0,0.0,0.0,0.0,-0.6583787864026203,-0.6135332001159988,0.7303065800343687,0.281834910065659
6,5025312,2024.0,2007.0,17.0,14664.0,0.0,1.0,0.0,79.99999999999977,67.7,0.66,1.34,1.1,106.3,12.27,25.0,2.325258933364208,2.8945566115799712,-0.7532748690248087,0.737641952720437,0.0,1.0,0.0,51.9,67.7,0.66,1.34,1.1,106.3,12.27,25.0,4.933581171232843,5.728841133143322,-4.843098085340972,-0.027694073281786302,,0.0,0.0,0.0,28.099999999999774,0.0,0.0,0.0,0.0,0.0,0.0,0.0,-2.6083222378686353,-2.834284521563351,4.089823216316163,0.7653360260022233
7,5026188,2024.0,2006.0,18.0,14664.0,0.0,1.0,0.0,79.99999999999999,71.9,0.79,1.39,1.3,271.8,18.15,50.0,5.454807931060761,6.068269467664354,-5.420852237731819,-0.5541419752444927,0.0,1.0,0.0,49.4,71.9,0.79,1.39,1.3,271.8,18.15,50.0,6.175639064701247,6.8396954455900865,-6.080098792155109,-0.9743970927366776,,0.0,0.0,0.0,30.599999999999987,0.0,0.0,0.0,0.0,0.0,0.0,0.0,-0.7208311336404867,-0.7714259779257322,0.6592465544232899,0.4202551174921849
8,5027447,2024.0,2007.0,17.0,14664.0,0.0,1.0,0.0,79.99999999999999,63.0,0.9,1.6,1.09,236.62,17.18,50.0,11.602513212886201,12.9692771644149,-11.302446052725879,-1.902234284822819,0.0,1.0,0.0,46.7,63.0,0.9,1.6,1.09,236.62,17.18,50.0,13.087093426811434,14.35594535778994,-12.82365222598761,-2.556022648200472,,0.0,0.0,0.0,33.29999999999998,0.0,0.0,0.0,0.0,0.0,0.0,0.0,-1.4845802139252324,-1.3866681933750407,1.5212061732617315,0.6537883633776529
9,5030256,2024.0,2007.0,17.0,14664.0,0.0,1.0,0.0,79.99999999999999,67.7,0.66,1.34,1.1,106.3,12.27,25.0,11.586262096744685,12.977706068568546,-11.426701913467204,-2.6415431312068636,0.0,1.0,0.0,51.9,67.7,0.66,1.34,1.1,106.3,12.27,25.0,12.441483987553202,13.941920699829632,-12.32449951001153,-3.202762101374492,,0.0,0.0,0.0,28.099999999999987,0.0,0.0,0.0,0.0,0.0,0.0,0.0,-0.855221890808517,-0.9642146312610862,0.8977975965443257,0.5612189701676282
10,50033827,2024.0,2008.0,16.0,14664.0,0.0,1.0,0.0,79.9999999999999,67.4,0.73,1.48,1.13,186.51,16.37,40.0,7.811888873882152,8.767474754808978,-7.761520744256778,-1.6157031362661347,0.0,1.0,0.0,54.1,67.4,0.73,1.48,1.13,186.51,16.37,40.0,9.57691986195348,10.420192300099295,-9.557369511619347,-2.694799468954338,,0.0,0.0,0.0,25.8999999999999,0.0,0.0,0.0,0.0,0.0,0.0,0.0,-1.7650309880713273,-1.652717545290317,1.7958487673625694,1.0790963326882035
11,50249457,2024.0,2011.0,13.0,14664.0,0.0,1.0,0.0,79.99999999999999,67.7,0.66,1.34,1.1,106.3,9.5,25.0,6.175120972392301,7.525141414589252,-4.940006573898754,0.05428691461093382,0.0,1.0,0.0,51.9,67.7,0.66,1.34,1.1,106.3,9.5,25.0,7.61933732320644,8.899492525945051,-6.987040629592726,-0.3226975590104886,,0.0,0.0,0.0,28.099999999999987,0.0,0.0,0.0,0.0,0.0,0.0,0.0,-1.4442163508141395,-1.3743511113557991,2.047034055693972,0.3769844736214224
12,50250035,2024.0,2013.0,11.0,14664.0,0.0,1.0,0.0,79.99999999999996,70.0,0.75,1.41,1.19,156.87,10.11,25.0,8.471328238251576,9.544881946876012,-8.383706745373082,-0.944654086938838,0.0,1.0,0.0,51.0,70.0,0.75,1.41,1.19,156.87,10.11,25.0,10.556226273177474,11.458220557409955,-10.525468190860009,-1.8024352907098726,,0.0,0.0,0.0,28.999999999999957,0.0,0.0,0.0,0.0,0.0,0.0,0.0,-2.0848980349258976,-1.913338610533943,2.1417614454869263,0.8577812037710346
13,50277055,2024.0,2013.0,11.0,14664.0,0.0,1.0,0.0,5.000000000008043,62.8,0.72,1.32,1.16,149.18,15.51,40.0,9.251131511959747,10.990110673080961,-8.793717758166578,-0.9146107990105397,0.0,1.0,0.0,46.8,62.8,0.72,1.32,1.16,149.18,15.51,40.0,10.418234128937272,11.865488449541461,-10.292295112198817,-1.23176064093864,,0.0,0.0,0.0,-41.799999999991954,0.0,0.0,0.0,0.0,0.0,0.0,0.0,-1.167102616977525,-0.8753777764604997,1.4985773540322391,0.31714984192810025
14,50282127,2024.0,2015.0,9.0,14664.0,0.0,1.0,0.0,79.99999999999999,62.8,0.72,1.32,1.16,149.18,15.51,40.0,5.035978550734472,6.5485009856975145,-2.947318018741405,-0.2632101477664681,0.0,1.0,0.0,46.8,62.8,0.72,1.32,1.16,149.18,15.51,40.0,6.797240291248189,8.017658096909624,-6.050854741055837,-0.8935940317771218,,0.0,0.0,0.0,33.19999999999999,0.0,0.0,0.0,0.0,0.0,0.0,0.0,-1.7612617405137163,-1.4691571112121098,3.1035367223144323,0.6303838840106537
0,24917,2024.0,1997.0,27.0,14664.0,0.0,1.0,0.0,54.8,72.51631528032237,0.73,1.4,1.3,200.4,15.6,40.0,4.73587987949097,5.778946041289936,-1.3893231685914742,0.07821263571245651,0.0,1.0,0.0,54.8,72.0,0.73,1.4,1.3,200.4,15.6,40.0,4.737508713336393,5.781922544447535,-1.5732982551534136,0.07726283982702198,,0.0,0.0,0.0,0.0,0.5163152803223738,0.0,0.0,0.0,0.0,0.0,0.0,-0.0016288338454231166,-0.0029765031575985645,0.1839750865619394,0.0009497958854345345
1,33291,2024.0,1998.0,26.0,14664.0,0.0,1.0,0.0,47.9,90.55953982059086,0.74,1.43,1.3,244.3,19.97,50.0,4.40036463577918,5.262945798854637,-2.3354428887792302,-0.02009526149619978,0.0,1.0,0.0,47.9,65.4,0.74,1.43,1.3,244.3,19.97,50.0,6.079759353714199,6.772061434641364,-6.000365133537553,-0.6889808051820201,,0.0,0.0,0.0,0.0,25.15953982059085,0.0,0.0,0.0,0.0,0.0,0.0,-1.6793947179350193,-1.5091156357867268,3.6649222447583227,0.6688855436858203
2,5004597,2024.0,2001.0,23.0,14664.0,0.0,1.0,0.0,48.9,73.30191544342307,0.62,1.98,1.3,216.05,16.15,40.0,2.8493522516744183,4.215889817003637,-1.518975795507629,0.5257782919866382,0.0,1.0,0.0,48.9,65.7,0.62,1.98,1.3,216.05,16.15,40.0,2.870896387484958,4.253589330448526,-1.8763935344814813,0.5172591594532627,,0.0,0.0,0.0,0.0,7.601915443423067,0.0,0.0,0.0,0.0,0.0,0.0,-0.02154413581053971,-0.0376995134448892,0.3574177389738522,0.00851913253337544
3,5004625,2024.0,2001.0,23.0,14664.0,0.0,1.0,0.0,48.9,77.41102157416302,0.62,1.98,1.3,223.28,16.02,40.0,3.0422677718304603,4.3702653387154715,-1.4260499222408354,0.5363188183265395,0.0,1.0,0.0,48.9,65.7,0.62,1.98,1.3,223.28,16.02,40.0,3.081849102951487,4.448062809240475,-1.9279424062463928,0.5196633982197425,,0.0,0.0,0.0,0.0,11.711021574163013,0.0,0.0,0.0,0.0,0.0,0.0,-0.039581331121026686,-0.0777974705250033,0.5018924840055574,0.016655420106796992
4,5017843,2024.0,2005.0,19.0,14664.0,0.0,1.0,0.0,45.4,119.99999999999997,0.9,1.6,1.35,157.09,11.15,25.0,4.198306242266706,5.00529809218776,-3.3951516631751617,0.338550259166322,0.0,1.0,0.0,45.4,60.8,0.9,1.6,1.35,157.09,11.15,25.0,5.3513484069639485,5.765622152884834,-5.330528353407116,0.12233392464844728,,0.0,0.0,0.0,0.0,59.199999999999974,0.0,0.0,0.0,0.0,0.0,0.0,-1.1530421646972426,-0.7603240606970738,1.9353766902319545,0.2162163345178747
5,5017873,2024.0,2004.0,20.0,14664.0,0.0,1.0,0.0,45.4,97.88512604846757,0.9,1.6,1.35,157.09,11.15,25.0,3.1383338662052855,3.868219834728517,-1.2485989232077328,0.4242419355226581,0.0,1.0,0.0,45.4,60.8,0.9,1.6,1.35,157.09,11.15,25.0,5.711494203676934,6.2758684303035785,-5.661650577371349,-0.5155329928818477,,0.0,0.0,0.0,0.0,37.08512604846757,0.0,0.0,0.0,0.0,0.0,0.0,-2.5731603374716485,-2.4076485955750617,4.413051654163616,0.9397749284045058
6,5025312,2024.0,2007.0,17.0,14664.0,0.0,1.0,0.0,51.9,95.83393712427218,0.66,1.34,1.1,106.3,12.27,25.0,3.315027941144366,4.123131830771657,-1.1894721361014895,0.4676653496819596,0.0,1.0,0.0,51.9,67.7,0.66,1.34,1.1,106.3,12.27,25.0,4.933581171232843,5.728841133143322,-4.843098085340972,-0.027694073281786302,,0.0,0.0,0.0,0.0,28.13393712427218,0.0,0.0,0.0,0.0,0.0,0.0,-1.618553230088477,-1.6057093023716655,3.6536259492394825,0.4953594229637459
7,5026188,2024.0,2006.0,18.0,14664.0,0.0,1.0,0.0,49.4,96.50893832423831,0.79,1.39,1.3,271.8,18.15,50.0,4.474305576823903,5.312296135346422,-2.3077868004945463,-0.19103775478433582,0.0,1.0,0.0,49.4,71.9,0.79,1.39,1.3,271.8,18.15,50.0,6.175639064701247,6.8396954455900865,-6.080098792155109,-0.9743970927366776,,0.0,0.0,0.0,0.0,24.60893832423831,0.0,0.0,0.0,0.0,0.0,0.0,-1.7013334878773447,-1.5273993102436645,3.7723119916605627,0.7833593379523418
8,5027447,2024.0,2007.0,17.0,14664.0,0.0,1.0,0.0,46.7,119.99999999999999,0.9,1.6,1.09,236.62,17.18,50.0,8.543708212641722,10.921328795493372,-6.893889396898496,-1.0580308910078204,0.0,1.0,0.0,46.7,63.0,0.9,1.6,1.09,236.62,17.18,50.0,13.087093426811434,14.35594535778994,-12.82365222598761,-2.556022648200472,,0.0,0.0,0.0,0.0,56.999999999999986,0.0,0.0,0.0,0.0,0.0,0.0,-4.543385214169712,-3.4346165622965685,5.929762829089114,1.4979917571926515
9,5030256,2024.0,2007.0,17.0,14664.0,0.0,1.0,0.0,51.9,86.97674642973983,0.66,1.34,1.1,106.3,12.27,25.0,7.141963432198075,8.989004227172689,-2.745881210622983,-0.7470798720462277,0.0,1.0,0.0,51.9,67.7,0.66,1.34,1.1,106.3,12.27,25.0,12.441483987553202,13.941920699829632,-12.32449951001153,-3.202762101374492,,0.0,0.0,0.0,0.0,19.27674642973983,0.0,0.0,0.0,0.0,0.0,0.0,-5.299520555355127,-4.952916472656943,9.578618299388546,2.4556822293282643
10,50033827,2024.0,2008.0,16.0,14664.0,0.0,1.0,0.0,54.1,97.47424009220366,0.73,1.48,1.13,186.51,16.37,40.0,5.7549173813900225,6.816436913865456,-2.5621251844943793,-0.5810814536907587,0.0,1.0,0.0,54.1,67.4,0.73,1.48,1.13,186.51,16.37,40.0,9.57691986195348,10.420192300099295,-9.557369511619347,-2.694799468954338,,0.0,0.0,0.0,0.0,30.074240092203652,0.0,0.0,0.0,0.0,0.0,0.0,-3.822002480563457,-3.603755386233839,6.9952443271249685,2.1137180152635793
11,50249457,2024.0,2011.0,13.0,14664.0,0.0,1.0,0.0,51.9,85.35567254905753,0.66,1.34,1.1,106.3,9.5,25.0,5.505553204548481,6.59567534046175,-1.981113438881365,0.2734782721806027,0.0,1.0,0.0,51.9,67.7,0.66,1.34,1.1,106.3,9.5,25.0,7.61933732320644,8.899492525945051,-6.987040629592726,-0.3226975590104886,,0.0,0.0,0.0,0.0,17.655672549057527,0.0,0.0,0.0,0.0,0.0,0.0,-2.113784118657959,-2.303817185483301,5.005927190711361,0.5961758311910913
12,50250035,2024.0,2013.0,11.0,14664.0,0.0,1.0,0.0,51.0,119.99999999999463,0.75,1.41,1.19,156.87,10.11,25.0,7.256611723533699,8.893917509510466,-5.9865344538711485,-0.6884469977879739,0.0,1.0,0.0,51.0,70.0,0.75,1.41,1.19,156.87,10.11,25.0,10.556226273177474,11.458220557409955,-10.525468190860009,-1.8024352907098726,,0.0,0.0,0.0,0.0,49.99999999999463,0.0,0.0,0.0,0.0,0.0,0.0,-3.299614549643775,-2.5643030478994895,4.53893373698886,1.1139882929218987
13,50277055,2024.0,2013.0,11.0,14664.0,0.0,1.0,0.0,46.8,79.07437705084072,0.72,1.32,1.16,149.18,15.51,40.0,6.034228712075615,7.416312621936653,-1.6369013094515492,0.1281286049425745,0.0,1.0,0.0,46.8,62.8,0.72,1.32,1.16,149.18,15.51,40.0,10.418234128937272,11.865488449541461,-10.292295112198817,-1.23176064093864,,0.0,0.0,0.0,0.0,16.274377050840727,0.0,0.0,0.0,0.0,0.0,0.0,-4.3840054168616565,-4.449175827604808,8.655393802747268,1.3598892458812144
14,50282127,2024.0,2015.0,9.0,14664.0,0.0,1.0,0.0,46.8,86.47689497470948,0.72,1.32,1.16,149.18,15.51,40.0,5.115384860077994,6.335985886278017,-2.331917954198961,-0.1825519096186936,0.0,1.0,0.0,46.8,62.8,0.72,1.32,1.16,149.18,15.51,40.0,6.797240291248189,8.017658096909624,-6.050854741055837,-0.8935940317771218,,0.0,0.0,0.0,0.0,23.676894974709484,0.0,0.0,0.0,0.0,0.0,0.0,-1.6818554311701943,-1.681672210631607,3.7189367868568763,0.7110421221584282
0,24917,2024.0,1997.0,27.0,14664.0,0.0,1.0,0.0,54.8,72.0,0.6646094257045364,1.4,1.3,200.4,15.6,40.0,4.501159119104502,5.551728399726714,0.2357686827333968,0.14927363015316586,0.0,1.0,0.0,54.8,72.0,0.73,1.4,1.3,200.4,15.6,40.0,4.737508713336393,5.781922544447535,-1.5732982551534136,0.07726283982702198,,0.0,0.0,0.0,0.0,0.0,-0.06539057429546358,0.0,0.0,0.0,0.0,0.0,-0.23634959423189095,-0.23019414472082111,1.8090669378868105,0.07201079032614388
1,33291,2024.0,1998.0,26.0,14664.0,0.0,1.0,0.0,47.9,65.4,0.5139719244232523,1.43,1.3,244.3,19.97,50.0,2.658308006876936,3.2523756022406696,0.06331623666597465,0.610431059267815,0.0,1.0,0.0,47.9,65.4,0.74,1.43,1.3,244.3,19.97,50.0,6.079759353714199,6.772061434641364,-6.000365133537553,-0.6889808051820201,,0.0,0.0,0.0,0.0,0.0,-0.22602807557674764,0.0,0.0,0.0,0.0,0.0,-3.4214513468372636,-3.519685832400694,6.063681370203527,1.2994118644498351
2,5004597,2024.0,2001.0,23.0,14664.0,0.0,1.0,0.0,48.9,65.7,0.5644717764887521,1.98,1.3,216.05,16.15,40.0,2.561146735545731,3.8397369873558564,-0.2937814239245431,0.6066257925263332,0.0,1.0,0.0,48.9,65.7,0.62,1.98,1.3,216.05,16.15,40.0,2.870896387484958,4.253589330448526,-1.8763935344814813,0.5172591594532627,,0.0,0.0,0.0,0.0,0.0,-0.055528223511247865,0.0,0.0,0.0,0.0,0.0,-0.3097496519392271,-0.4138523430926697,1.5826121105569382,0.08936663307307047
3,5004625,2024.0,2001.0,23.0,14664.0,0.0,1.0,0.0,48.9,65.7,0.5607760473583457,1.98,1.3,223.28,16.02,40.0,2.717908042009484,4.024716966531686,-0.24403121949105402,0.6067447328943087,0.0,1.0,0.0,48.9,65.7,0.62,1.98,1.3,223.28,16.02,40.0,3.081849102951487,4.448062809240475,-1.9279424062463928,0.5196633982197425,,0.0,0.0,0.0,0.0,0.0,-0.059223952641654254,0.0,0.0,0.0,0.0,0.0,-0.36394106094200307,-0.4233458427087884,1.6839111867553387,0.08708133467456625
4,5017843,2024.0,2005.0,19.0,14664.0,0.0,1.0,0.0,45.4,60.8,0.5948494578154374,1.6,1.35,157.09,11.15,25.0,1.7173500023439738,2.2046150538429456,-0.024004190223374973,0.87167759410136,0.0,1.0,0.0,45.4,60.8,0.9,1.6,1.35,157.09,11.15,25.0,5.3513484069639485,5.765622152884834,-5.330528353407116,0.12233392464844728,,0.0,0.0,0.0,0.0,0.0,-0.3051505421845626,0.0,0.0,0.0,0.0,0.0,-3.633998404619975,-3.5610070990418885,5.306524163183741,0.7493436694529128
5,5017873,2024.0,2004.0,20.0,14664.0,0.0,1.0,0.0,45.4,60.8,0.607961105924017,1.6,1.35,157.09,11.15,25.0,2.2021818503839365,2.775598603285463,-0.04830820738478363,0.7035639243308969,0.0,1.0,0.0,45.4,60.8,0.9,1.6,1.35,157.09,11.15,25.0,5.711494203676934,6.2758684303035785,-5.661650577371349,-0.5155329928818477,,0.0,0.0,0.0,0.0,0.0,-0.29203889407598305,0.0,0.0,0.0,0.0,0.0,-3.5093123532929975,-3.5002698270181156,5.613342369986565,1.2190969172127446
6,5025312,2024.0,2007.0,17.0,14664.0,0.0,1.0,0.0,51.9,67.7,0.5119071258917904,1.34,1.1,106.3,12.27,25.0,2.5365851311009426,3.0824002690978323,-0.06383389440755623,0.7024853458532583,0.0,1.0,0.0,51.9,67.7,0.66,1.34,1.1,106.3,12.27,25.0,4.933581171232843,5.728841133143322,-4.843098085340972,-0.027694073281786302,,0.0,0.0,0.0,0.0,0.0,-0.1480928741082096,0.0,0.0,0.0,0.0,0.0,-2.3969960401319006,-2.64644086404549,4.779264190933416,0.7301794191350446
7,5026188,2024.0,2006.0,18.0,14664.0,0.0,1.0,0.0,49.4,71.9,0.543408534536167,1.39,1.3,271.8,18.15,50.0,2.7066899212352826,3.3451689555119115,0.053917445916711805,0.5277226800634787,0.0,1.0,0.0,49.4,71.9,0.79,1.39,1.3,271.8,18.15,50.0,6.175639064701247,6.8396954455900865,-6.080098792155109,-0.9743970927366776,,0.0,0.0,0.0,0.0,0.0,-0.24659146546383304,0.0,0.0,0.0,0.0,0.0,-3.4689491434659647,-3.494526490078175,6.134016238071821,1.5021197728001563
8,5027447,2024.0,2007.0,17.0,14664.0,0.0,1.0,0.0,46.7,63.0,0.5000000000000001,1.6,1.09,236.62,17.18,50.0,5.255224805835161,7.6024480270529295,-3.7807443285062186,0.002741274785827419,0.0,1.0,0.0,46.7,63.0,0.9,1.6,1.09,236.62,17.18,50.0,13.087093426811434,14.35594535778994,-12.82365222598761,-2.556022648200472,,0.0,0.0,0.0,0.0,0.0,-0.3999999999999999,0.0,0.0,0.0,0.0,0.0,-7.831868620976272,-6.7534973307370105,9.042907897481392,2.5587639229862993
9,5030256,2024.0,2007.0,17.0,14664.0,0.0,1.0,0.0,51.9,67.7,0.5000000000000001,1.34,1.1,106.3,12.27,25.0,8.4298960763219,10.093234605397706,-7.937247672414227,-1.2026745150150453,0.0,1.0,0.0,51.9,67.7,0.66,1.34,1.1,106.3,12.27,25.0,12.441483987553202,13.941920699829632,-12.32449951001153,-3.202762101374492,,0.0,0.0,0.0,0.0,0.0,-0.15999999999999992,0.0,0.0,0.0,0.0,0.0,-4.011587911231302,-3.848686094431926,4.387251837597303,2.0000875863594465
10,50033827,2024.0,2008.0,16.0,14664.0,0.0,1.0,0.0,54.1,67.4,0.5000000000000046,1.48,1.13,186.51,16.37,40.0,3.944422929537256,4.729391308905392,-2.300002744390191,0.2388856627386463,0.0,1.0,0.0,54.1,67.4,0.73,1.48,1.13,186.51,16.37,40.0,9.57691986195348,10.420192300099295,-9.557369511619347,-2.694799468954338,,0.0,0.0,0.0,0.0,0.0,-0.22999999999999543,0.0,0.0,0.0,0.0,0.0,-5.632496932416224,-5.690800991193903,7.257366767229156,2.9336851316929846
11,50249457,2024.0,2011.0,13.0,14664.0,0.0,1.0,0.0,51.9,67.7,0.5000000000000001,1.34,1.1,106.3,9.5,25.0,4.510339939934457,5.746972296541803,-1.890799999277647,0.448420300408059,0.0,1.0,0.0,51.9,67.7,0.66,1.34,1.1,106.3,9.5,25.0,7.61933732320644,8.899492525945051,-6.987040629592726,-0.3226975590104886,,0.0,0.0,0.0,0.0,0.0,-0.15999999999999992,0.0,0.0,0.0,0.0,0.0,-3.1089973832719835,-3.1525202294032484,5.096240630315079,0.7711178594185476
12,50250035,2024.0,2013.0,11.0,14664.0,0.0,1.0,0.0,51.0,70.0,0.5000000000000001,1.41,1.19,156.87,10.11,25.0,4.397134571261691,5.917037595221047,-3.733538330326453,0.2526743382043135,0.0,1.0,0.0,51.0,70.0,0.75,1.41,1.19,156.87,10.11,25.0,10.556226273177474,11.458220557409955,-10.525468190860009,-1.8024352907098726,,0.0,0.0,0.0,0.0,0.0,-0.2499999999999999,0.0,0.0,0.0,0.0,0.0,-6.159091701915783,-5.541182962188908,6.791929860533555,2.0551096289141864
13,50277055,2024.0,2013.0,11.0,14664.0,0.0,1.0,0.0,46.8,62.8,0.5000000000000001,1.32,1.16,149.18,15.51,40.0,6.069603396252442,7.612350832974857,-4.990083106874317,0.08142639173365684,0.0,1.0,0.0,46.8,62.8,0.72,1.32,1.16,149.18,15.51,40.0,10.418234128937272,11.865488449541461,-10.292295112198817,-1.23176064093864,,0.0,0.0,0.0,0.0,0.0,-0.21999999999999986,0.0,0.0,0.0,0.0,0.0,-4.348630732684829,-4.253137616566604,5.3022120053245,1.3131870326722968
14,50282127,2024.0,2015.0,9.0,14664.0,0.0,1.0,0.0,46.8,62.8,0.5000000000000004,1.32,1.16,149.18,15.51,40.0,3.8658594091278675,5.232189893759749,-0.01134847577051976,0.19358461156142615,0.0,1.0,0.0,46.8,62.8,0.72,1.32,1.16,149.18,15.51,40.0,6.797240291248189,8.017658096909624,-6.050854741055837,-0.8935940317771218,,0.0,0.0,0.0,0.0,0.0,-0.21999999999999953,0.0,0.0,0.0,0.0,0.0,-2.931380882120321,-2.7854682031498754,6.0395062652853175,1.087178643338548
0,24917,2024.0,1997.0,27.0,14664.0,0.0,1.0,0.0,54.8,72.0,0.73,1.107311553234346,1.3,200.4,15.6,40.0,4.539913400771348,5.589761330792315,0.18402782500165202,0.1375776524331621,0.0,1.0,0.0,54.8,72.0,0.73,1.4,1.3,200.4,15.6,40.0,4.737508713336393,5.781922544447535,-1.5732982551534136,0.07726283982702198,,0.0,0.0,0.0,0.0,0.0,0.0,-0.29268844676565386,0.0,0.0,0.0,0.0,-0.1975953125650447,-0.1921612136552202,1.7573260801550656,0.060314812606140134
1,33291,2024.0,1998.0,26.0,14664.0,0.0,1.0,0.0,47.9,65.4,0.74,0.8000000000000002,1.3,244.3,19.97,50.0,3.669158714933007,4.486028388176212,-2.3724755959958923,0.2588485366010913,0.0,1.0,0.0,47.9,65.4,0.74,1.43,1.3,244.3,19.97,50.0,6.079759353714199,6.772061434641364,-6.000365133537553,-0.6889808051820201,,0.0,0.0,0.0,0.0,0.0,0.0,-0.6299999999999998,0.0,0.0,0.0,0.0,-2.4106006387811925,-2.2860330464651515,3.6278895375416607,0.9478293417831114
2,5004597,2024.0,2001.0,23.0,14664.0,0.0,1.0,0.0,48.9,65.7,0.62,1.4256447225440805,1.3,216.05,16.15,40.0,2.7610997963215542,4.079142583362995,-0.8640834056601491,0.5560432142372274,0.0,1.0,0.0,48.9,65.7,0.62,1.98,1.3,216.05,16.15,40.0,2.870896387484958,4.253589330448526,-1.8763935344814813,0.5172591594532627,,0.0,0.0,0.0,0.0,0.0,0.0,-0.5543552774559195,0.0,0.0,0.0,0.0,-0.10979659116340379,-0.17444674708553087,1.012310128821332,0.03878405478396463
3,5004625,2024.0,2001.0,23.0,14664.0,0.0,1.0,0.0,48.9,65.7,0.62,1.3489622375547954,1.3,223.28,16.02,40.0,2.930936654280354,4.212886022546262,-0.7437894769064977,0.5691131122069133,0.0,1.0,0.0,48.9,65.7,0.62,1.98,1.3,223.28,16.02,40.0,3.081849102951487,4.448062809240475,-1.9279424062463928,0.5196633982197425,,0.0,0.0,0.0,0.0,0.0,0.0,-0.6310377624452046,0.0,0.0,0.0,0.0,-0.15091244867113307,-0.23517678669421294,1.1841529293398951,0.049449713987170796
4,5017843,2024.0,2005.0,19.0,14664.0,0.0,1.0,0.0,45.4,60.8,0.9,0.8000000000000002,1.35,157.09,11.15,25.0,3.4064926835940996,4.013656250611697,-3.190401437887673,0.5746785306237778,0.0,1.0,0.0,45.4,60.8,0.9,1.6,1.35,157.09,11.15,25.0,5.3513484069639485,5.765622152884834,-5.330528353407116,0.12233392464844728,,0.0,0.0,0.0,0.0,0.0,0.0,-0.7999999999999999,0.0,0.0,0.0,0.0,-1.944855723369849,-1.7519659022731373,2.1401269155194433,0.45234460597533055
5,5017873,2024.0,2004.0,20.0,14664.0,0.0,1.0,0.0,45.4,60.8,0.9,0.8000000000000002,1.35,157.09,11.15,25.0,2.6203412057818922,3.306347475180309,-1.5944561619726736,0.5793559783565835,0.0,1.0,0.0,45.4,60.8,0.9,1.6,1.35,157.09,11.15,25.0,5.711494203676934,6.2758684303035785,-5.661650577371349,-0.5155329928818477,,0.0,0.0,0.0,0.0,0.0,0.0,-0.7999999999999999,0.0,0.0,0.0,0.0,-3.091152997895042,-2.9695209551232695,4.067194415398675,1.094888971238431
6,5025312,2024.0,2007.0,17.0,14664.0,0.0,1.0,0.0,51.9,67.7,0.66,0.8000000000000002,1.1,106.3,12.27,25.0,3.031835186993835,3.8618979676598375,-2.11893464866294,0.532983865491328,0.0,1.0,0.0,51.9,67.7,0.66,1.34,1.1,106.3,12.27,25.0,4.933581171232843,5.728841133143322,-4.843098085340972,-0.027694073281786302,,0.0,0.0,0.0,0.0,0.0,0.0,-0.5399999999999999,0.0,0.0,0.0,0.0,-1.901745984239008,-1.8669431654834847,2.724163436678032,0.5606779387731143
7,5026188,2024.0,2006.0,18.0,14664.0,0.0,1.0,0.0,49.4,71.9,0.79,0.8000000000000002,1.3,271.8,18.15,50.0,3.504082620805519,4.263592291473087,-1.5886578182894497,0.23279343345836523,0.0,1.0,0.0,49.4,71.9,0.79,1.39,1.3,271.8,18.15,50.0,6.175639064701247,6.8396954455900865,-6.080098792155109,-0.9743970927366776,,0.0,0.0,0.0,0.0,0.0,0.0,-0.5899999999999997,0.0,0.0,0.0,0.0,-2.6715564438957284,-2.576103154117,4.491440973865659,1.2071905261950429
8,5027447,2024.0,2007.0,17.0,14664.0,0.0,1.0,0.0,46.7,63.0,0.9,0.8000000000000002,1.09,236.62,17.18,50.0,10.072301055144075,11.951049137862384,-9.77091847395323,-1.464410151766058,0.0,1.0,0.0,46.7,63.0,0.9,1.6,1.09,236.62,17.18,50.0,13.087093426811434,14.35594535778994,-12.82365222598761,-2.556022648200472,,0.0,0.0,0.0,0.0,0.0,0.0,-0.7999999999999999,0.0,0.0,0.0,0.0,-3.014792371667358,-2.404896219927556,3.0527337520343796,1.091612496434414
9,5030256,2024.0,2007.0,17.0,14664.0,0.0,1.0,0.0,51.9,67.7,0.66,0.8000000000000016,1.1,106.3,12.27,25.0,9.817671017990381,11.447247716372184,-9.548733106339471,-1.8332947240473563,0.0,1.0,0.0,51.9,67.7,0.66,1.34,1.1,106.3,12.27,25.0,12.441483987553202,13.941920699829632,-12.32449951001153,-3.202762101374492,,0.0,0.0,0.0,0.0,0.0,0.0,-0.5399999999999985,0.0,0.0,0.0,0.0,-2.6238129695628203,-2.4946729834574484,2.7757664036720584,1.3694673773271355
10,50033827,2024.0,2008.0,16.0,14664.0,0.0,1.0,0.0,54.1,67.4,0.73,0.8000000000000002,1.13,186.51,16.37,40.0,6.930843024251363,7.94053408252613,-6.6806712684470355,-1.1455509563127575,0.0,1.0,0.0,54.1,67.4,0.73,1.48,1.13,186.51,16.37,40.0,9.57691986195348,10.420192300099295,-9.557369511619347,-2.694799468954338,,0.0,0.0,0.0,0.0,0.0,0.0,-0.6799999999999998,0.0,0.0,0.0,0.0,-2.6460768377021164,-2.4796582175731645,2.876698243172312,1.5492485126415807
11,50249457,2024.0,2011.0,13.0,14664.0,0.0,1.0,0.0,51.9,67.7,0.66,0.800000000000003,1.1,106.3,9.5,25.0,5.39286277953456,6.72877827051344,-4.139646560119271,0.2438594972350745,0.0,1.0,0.0,51.9,67.7,0.66,1.34,1.1,106.3,9.5,25.0,7.61933732320644,8.899492525945051,-6.987040629592726,-0.3226975590104886,,0.0,0.0,0.0,0.0,0.0,0.0,-0.539999999999997,0.0,0.0,0.0,0.0,-2.2264745436718805,-2.1707142554316112,2.847394069473455,0.5665570562455631
12,50250035,2024.0,2013.0,11.0,14664.0,0.0,1.0,0.0,51.0,70.0,0.75,0.8000000000000002,1.19,156.87,10.11,25.0,8.029321473500914,9.406159304441909,-7.91760009939504,-0.8885387380019716,0.0,1.0,0.0,51.0,70.0,0.75,1.41,1.19,156.87,10.11,25.0,10.556226273177474,11.458220557409955,-10.525468190860009,-1.8024352907098726,,0.0,0.0,0.0,0.0,0.0,0.0,-0.6099999999999998,0.0,0.0,0.0,0.0,-2.5269047996765597,-2.0520612529680466,2.607868091464969,0.913896552707901
13,50277055,2024.0,2013.0,11.0,14664.0,0.0,1.0,0.0,46.8,62.8,0.72,0.8000000000000002,1.16,149.18,15.51,40.0,7.849144734014831,9.408404619295633,-7.423284843717753,-0.40316371410792606,0.0,1.0,0.0,46.8,62.8,0.72,1.32,1.16,149.18,15.51,40.0,10.418234128937272,11.865488449541461,-10.292295112198817,-1.23176064093864,,0.0,0.0,0.0,0.0,0.0,0.0,-0.5199999999999999,0.0,0.0,0.0,0.0,-2.5690893949224405,-2.4570838302458284,2.8690102684810634,0.8285969268307138
14,50282127,2024.0,2015.0,9.0,14664.0,0.0,1.0,0.0,46.8,62.8,0.72,0.8000000000000084,1.16,149.18,15.51,40.0,4.868819245390081,6.188085954816177,-3.627637336493951,-0.12798801841448748,0.0,1.0,0.0,46.8,62.8,0.72,1.32,1.16,149.18,15.51,40.0,6.797240291248189,8.017658096909624,-6.050854741055837,-0.8935940317771218,,0.0,0.0,0.0,0.0,0.0,0.0,-0.5199999999999917,0.0,0.0,0.0,0.0,-1.9284210458581077,-1.829572142093447,2.4232174045618864,0.7656060133626343
0,24917,2024.0,1997.0,27.0,14664.0,0.0,1.0,0.0,54.8,72.0,0.73,1.4,1.3390238290638437,200.4,15.6,40.0,4.735879879485368,5.778946041285988,-1.3893231698306496,0.07821263571371606,0.0,1.0,0.0,54.8,72.0,0.73,1.4,1.3,200.4,15.6,40.0,4.737508713336393,5.781922544447535,-1.5732982551534136,0.07726283982702198,,0.0,0.0,0.0,0.0,0.0,0.0,0.0,0.03902382906384361,0.0,0.0,0.0,-0.001628833851024858,-0.0029765031615465176,0.18397508532276396,0.0009497958866940825
1,33291,2024.0,1998.0,26.0,14664.0,0.0,1.0,0.0,47.9,65.4,0.74,1.43,1.4999999999999998,244.3,19.97,50.0,5.746269540800416,6.489012681875892,-5.6081839401757785,-0.5507442562009024,0.0,1.0,0.0,47.9,65.4,0.74,1.43,1.3,244.3,19.97,50.0,6.079759353714199,6.772061434641364,-6.000365133537553,-0.6889808051820201,,0.0,0.0,0.0,0.0,0.0,0.0,0.0,0.19999999999999973,0.0,0.0,0.0,-0.33348981291378355,-0.28304875276547126,0.3921811933617745,0.1382365489811177
2,5004597,2024.0,2001.0,23.0,14664.0,0.0,1.0,0.0,48.9,65.7,0.62,1.98,1.4999999999999991,216.05,16.15,40.0,2.8567590831529523,4.233769971050399,-1.7548731895419054,0.5217472863476099,0.0,1.0,0.0,48.9,65.7,0.62,1.98,1.3,216.05,16.15,40.0,2.870896387484958,4.253589330448526,-1.8763935344814813,0.5172591594532627,,0.0,0.0,0.0,0.0,0.0,0.0,0.0,0.19999999999999907,0.0,0.0,0.0,-0.014137304332005662,-0.01981935939812729,0.12152034493957586,0.004488126894347189
3,5004625,2024.0,2001.0,23.0,14664.0,0.0,1.0,0.0,48.9,65.7,0.62,1.98,1.4999999999999998,223.28,16.02,40.0,3.0632325166102636,4.42150025439067,-1.8171750383127971,0.5253831334980723,0.0,1.0,0.0,48.9,65.7,0.62,1.98,1.3,223.28,16.02,40.0,3.081849102951487,4.448062809240475,-1.9279424062463928,0.5196633982197425,,0.0,0.0,0.0,0.0,0.0,0.0,0.0,0.19999999999999973,0.0,0.0,0.0,-0.018616586341223318,-0.02656255484980452,0.11076736793359565,0.005719735278329807
4,5017843,2024.0,2005.0,19.0,14664.0,0.0,1.0,0.0,45.4,60.8,0.9,1.6,1.4999999999997036,157.09,11.15,25.0,5.296702412837145,5.7132017865668665,-5.274588411534907,0.1382206505520479,0.0,1.0,0.0,45.4,60.8,0.9,1.6,1.35,157.09,11.15,25.0,5.3513484069639485,5.765622152884834,-5.330528353407116,0.12233392464844728,,0.0,0.0,0.0,0.0,0.0,0.0,0.0,0.14999999999970348,0.0,0.0,0.0,-0.05464599412680382,-0.05242036631796765,0.055939941872209076,0.01588672590360063
5,5017873,2024.0,2004.0,20.0,14664.0,0.0,1.0,0.0,45.4,60.8,0.9,1.6,1.4999999999999998,157.09,11.15,25.0,5.513214711889515,6.098673561985627,-5.4580319700224695,-0.4311610580072396,0.0,1.0,0.0,45.4,60.8,0.9,1.6,1.35,157.09,11.15,25.0,5.711494203676934,6.2758684303035785,-5.661650577371349,-0.5155329928818477,,0.0,0.0,0.0,0.0,0.0,0.0,0.0,0.1499999999999997,0.0,0.0,0.0,-0.1982794917874191,-0.17719486831795184,0.20361860734887927,0.08437193487460815
6,5025312,2024.0,2007.0,17.0,14664.0,0.0,1.0,0.0,51.9,67.7,0.66,1.34,1.4999999999999998,106.3,12.27,25.0,4.322985445488336,5.205794267996606,-4.096962138398149,0.1513975216911425,0.0,1.0,0.0,51.9,67.7,0.66,1.34,1.1,106.3,12.27,25.0,4.933581171232843,5.728841133143322,-4.843098085340972,-0.027694073281786302,,0.0,0.0,0.0,0.0,0.0,0.0,0.0,0.3999999999999997,0.0,0.0,0.0,-0.6105957257445072,-0.523046865146716,0.7461359469428226,0.1790915949729288
7,5026188,2024.0,2006.0,18.0,14664.0,0.0,1.0,0.0,49.4,71.9,0.79,1.39,1.4999999999999953,271.8,18.15,50.0,5.738848189153469,6.464337286004759,-5.54947845916845,-0.7636361461744074,0.0,1.0,0.0,49.4,71.9,0.79,1.39,1.3,271.8,18.15,50.0,6.175639064701247,6.8396954455900865,-6.080098792155109,-0.9743970927366776,,0.0,0.0,0.0,0.0,0.0,0.0,0.0,0.1999999999999953,0.0,0.0,0.0,-0.4367908755477785,-0.3753581595853275,0.5306203329866594,0.21076094656227018
8,5027447,2024.0,2007.0,17.0,14664.0,0.0,1.0,0.0,46.7,63.0,0.9,1.6,1.4999999999999998,236.62,17.18,50.0,12.451121273731875,13.83647071816542,-12.185818570961011,-2.3033271111207485,0.0,1.0,0.0,46.7,63.0,0.9,1.6,1.09,236.62,17.18,50.0,13.087093426811434,14.35594535778994,-12.82365222598761,-2.556022648200472,,0.0,0.0,0.0,0.0,0.0,0.0,0.0,0.4099999999999997,0.0,0.0,0.0,-0.6359721530795586,-0.5194746396245193,0.6378336550265988,0.2526955370797235
9,5030256,2024.0,2007.0,17.0,14664.0,0.0,1.0,0.0,51.9,67.7,0.66,1.34,1.4999999999999998,106.3,12.27,25.0,9.904319981215984,11.775501013226348,-9.469582252683747,-1.9981156352429918,0.0,1.0,0.0,51.9,67.7,0.66,1.34,1.1,106.3,12.27,25.0,12.441483987553202,13.941920699829632,-12.32449951001153,-3.202762101374492,,0.0,0.0,0.0,0.0,0.0,0.0,0.0,0.3999999999999997,0.0,0.0,0.0,-2.5371640063372176,-2.166419686603284,2.8549172573277826,1.2046464661315
10,50033827,2024.0,2008.0,16.0,14664.0,0.0,1.0,0.0,54.1,67.4,0.73,1.48,1.4999999999999998,186.51,16.37,40.0,8.621374981562779,9.572526100999024,-8.544430851191793,-2.1181178355496098,0.0,1.0,0.0,54.1,67.4,0.73,1.48,1.13,186.51,16.37,40.0,9.57691986195348,10.420192300099295,-9.557369511619347,-2.694799468954338,,0.0,0.0,0.0,0.0,0.0,0.0,0.0,0.3699999999999999,0.0,0.0,0.0,-0.9555448803907005,-0.8476661991002707,1.0129386604275545,0.5766816334047284
11,50249457,2024.0,2011.0,13.0,14664.0,0.0,1.0,0.0,51.9,67.7,0.66,1.34,1.4999999999999998,106.3,9.5,25.0,6.34505440763447,7.791462932169794,-5.3580272316509765,-0.013836877914120915,0.0,1.0,0.0,51.9,67.7,0.66,1.34,1.1,106.3,9.5,25.0,7.61933732320644,8.899492525945051,-6.987040629592726,-0.3226975590104886,,0.0,0.0,0.0,0.0,0.0,0.0,0.0,0.3999999999999997,0.0,0.0,0.0,-1.2742829155719697,-1.1080295937752576,1.6290133979417494,0.30886068109636766
12,50250035,2024.0,2013.0,11.0,14664.0,0.0,1.0,0.0,51.0,70.0,0.75,1.41,1.4999999999999998,156.87,10.11,25.0,10.113151343399982,11.070175835503077,-10.076151893198373,-1.615834578187883,0.0,1.0,0.0,51.0,70.0,0.75,1.41,1.19,156.87,10.11,25.0,10.556226273177474,11.458220557409955,-10.525468190860009,-1.8024352907098726,,0.0,0.0,0.0,0.0,0.0,0.0,0.0,0.30999999999999983,0.0,0.0,0.0,-0.44307492977749163,-0.3880447219068781,0.4493162976616354,0.18660071252198973
13,50277055,2024.0,2013.0,11.0,14664.0,0.0,1.0,0.0,46.8,62.8,0.72,1.32,1.4999999999999998,149.18,15.51,40.0,8.278606499579771,9.9366841227896,-7.798140516325355,-0.5651621642637799,0.0,1.0,0.0,46.8,62.8,0.72,1.32,1.16,149.18,15.51,40.0,10.418234128937272,11.865488449541461,-10.292295112198817,-1.23176064093864,,0.0,0.0,0.0,0.0,0.0,0.0,0.0,0.33999999999999986,0.0,0.0,0.0,-2.1396276293575003,-1.9288043267518606,2.4941545958734617,0.66659847667486
14,50282127,2024.0,2015.0,9.0,14664.0,0.0,1.0,0.0,46.8,62.8,0.72,1.32,1.4999999999999998,149.18,15.51,40.0,6.189998846530583,7.474096381915095,-5.3142492378007695,-0.6455428633658962,0.0,1.0,0.0,46.8,62.8,0.72,1.32,1.16,149.18,15.51,40.0,6.797240291248189,8.017658096909624,-6.050854741055837,-0.8935940317771218,,0.0,0.0,0.0,0.0,0.0,0.0,0.0,0.33999999999999986,0.0,0.0,0.0,-0.607241444717606,-0.5435617149945289,0.7366055032550678,0.24805116841122565
0,24917,2024.0,1997.0,27.0,14664.0,0.0,1.0,0.0,54.8,72.0,0.73,1.4,1.3,118.62593407361493,15.6,40.0,4.309700391801001,5.363828899942481,0.6491060403915951,0.20588517540728746,0.0,1.0,0.0,54.8,72.0,0.73,1.4,1.3,200.4,15.6,40.0,4.737508713336393,5.781922544447535,-1.5732982551534136,0.07726283982702198,,0.0,0.0,0.0,0.0,0.0,0.0,0.0,0.0,-81.77406592638508,0.0,0.0,-0.42780832153539183,-0.4180936445050536,2.222404295545009,0.12862233558026548
1,33291,2024.0,1998.0,26.0,14664.0,0.0,1.0,0.0,47.9,65.4,0.74,1.43,1.3,85.27121623021314,19.97,50.0,2.347992593181952,2.9118042314325727,0.09705904950549706,0.6877465244299681,0.0,1.0,0.0,47.9,65.4,0.74,1.43,1.3,244.3,19.97,50.0,6.079759353714199,6.772061434641364,-6.000365133537553,-0.6889808051820201,,0.0,0.0,0.0,0.0,0.0,0.0,0.0,0.0,-159.02878376978686,0.0,0.0,-3.7317667605322473,-3.860257203208791,6.09742418304305,1.3767273296119882
2,5004597,2024.0,2001.0,23.0,14664.0,0.0,1.0,0.0,48.9,65.7,0.62,1.98,1.3,156.15361466574188,16.15,40.0,2.517773263034465,3.7795200792850085,-0.22579998084880484,0.6188672747191073,0.0,1.0,0.0,48.9,65.7,0.62,1.98,1.3,216.05,16.15,40.0,2.870896387484958,4.253589330448526,-1.8763935344814813,0.5172591594532627,,0.0,0.0,0.0,0.0,0.0,0.0,0.0,0.0,-59.89638533425813,0.0,0.0,-0.3531231244504931,-0.4740692511635176,1.6505935536326763,0.10160811526584457
3,5004625,2024.0,2001.0,23.0,14664.0,0.0,1.0,0.0,48.9,65.7,0.62,1.98,1.3,158.05626212755382,16.02,40.0,2.671829151570623,3.984481215535165,-0.1851701198295994,0.6145683035836851,0.0,1.0,0.0,48.9,65.7,0.62,1.98,1.3,223.28,16.02,40.0,3.081849102951487,4.448062809240475,-1.9279424062463928,0.5196633982197425,,0.0,0.0,0.0,0.0,0.0,0.0,0.0,0.0,-65.22373787244618,0.0,0.0,-0.410019951380864,-0.4635815937053098,1.7427722864167934,0.09490490536394258
4,5017843,2024.0,2005.0,19.0,14664.0,0.0,1.0,0.0,45.4,60.8,0.9,1.6,1.35,53.46972159781632,11.15,25.0,1.7238082634155516,2.214510744770473,-0.04144015184278153,0.8705230262950017,0.0,1.0,0.0,45.4,60.8,0.9,1.6,1.35,157.09,11.15,25.0,5.3513484069639485,5.765622152884834,-5.330528353407116,0.12233392464844728,,0.0,0.0,0.0,0.0,0.0,0.0,0.0,0.0,-103.62027840218369,0.0,0.0,-3.627540143548397,-3.551111408114361,5.289088201564335,0.7481891016465544
5,5017873,2024.0,2004.0,20.0,14664.0,0.0,1.0,0.0,45.4,60.8,0.9,1.6,1.35,48.36855651144223,11.15,25.0,2.104083176059564,2.689151629440124,-0.029857442245906387,0.7217415789305143,0.0,1.0,0.0,45.4,60.8,0.9,1.6,1.35,157.09,11.15,25.0,5.711494203676934,6.2758684303035785,-5.661650577371349,-0.5155329928818477,,0.0,0.0,0.0,0.0,0.0,0.0,0.0,0.0,-108.72144348855778,0.0,0.0,-3.60741102761737,-3.5867168008634547,5.631793135125442,1.2372745718123621
6,5025312,2024.0,2007.0,17.0,14664.0,0.0,1.0,0.0,51.9,67.7,0.66,1.34,1.1,53.7681395588636,12.27,25.0,2.405732952326592,2.920473959288044,0.012014366026830738,0.7329227041651494,0.0,1.0,0.0,51.9,67.7,0.66,1.34,1.1,106.3,12.27,25.0,4.933581171232843,5.728841133143322,-4.843098085340972,-0.027694073281786302,,0.0,0.0,0.0,0.0,0.0,0.0,0.0,0.0,-52.531860441136395,0.0,0.0,-2.5278482189062514,-2.8083671738552782,4.855112451367803,0.7606167774469357
7,5026188,2024.0,2006.0,18.0,14664.0,0.0,1.0,0.0,49.4,71.9,0.79,1.39,1.3,85.15900538073419,18.15,50.0,2.3040380147911437,2.881235109720827,0.11141429492112778,0.6496368911859391,0.0,1.0,0.0,49.4,71.9,0.79,1.39,1.3,271.8,18.15,50.0,6.175639064701247,6.8396954455900865,-6.080098792155109,-0.9743970927366776,,0.0,0.0,0.0,0.0,0.0,0.0,0.0,0.0,-186.64099461926583,0.0,0.0,-3.8716010499101037,-3.9584603358692596,6.1915130870762365,1.6240339839226168
8,5027447,2024.0,2007.0,17.0,14664.0,0.0,1.0,0.0,46.7,63.0,0.9,1.6,1.09,33.14471485813213,17.18,50.0,4.110581627864487,6.368401940939329,-0.2818230731038257,0.30021946646989894,0.0,1.0,0.0,46.7,63.0,0.9,1.6,1.09,236.62,17.18,50.0,13.087093426811434,14.35594535778994,-12.82365222598761,-2.556022648200472,,0.0,0.0,0.0,0.0,0.0,0.0,0.0,0.0,-203.47528514186786,0.0,0.0,-8.976511798946946,-7.987543416850611,12.541829152883784,2.856242114670371
9,5030256,2024.0,2007.0,17.0,14664.0,0.0,1.0,0.0,51.9,67.7,0.66,1.34,1.1,12.202238134307118,12.27,25.0,4.7415325345947394,6.133309572263843,-0.34417788958681694,0.18664645750947273,0.0,1.0,0.0,51.9,67.7,0.66,1.34,1.1,106.3,12.27,25.0,12.441483987553202,13.941920699829632,-12.32449951001153,-3.202762101374492,,0.0,0.0,0.0,0.0,0.0,0.0,0.0,0.0,-94.09776186569287,0.0,0.0,-7.699951452958462,-7.808611127565789,11.980321620424712,3.3894085588839644
10,50033827,2024.0,2008.0,16.0,14664.0,0.0,1.0,0.0,54.1,67.4,0.73,1.48,1.13,43.984140778550284,16.37,40.0,3.348353185025876,4.092926611098056,-0.0762766166283628,0.429957389737031,0.0,1.0,0.0,54.1,67.4,0.73,1.48,1.13,186.51,16.37,40.0,9.57691986195348,10.420192300099295,-9.557369511619347,-2.694799468954338,,0.0,0.0,0.0,0.0,0.0,0.0,0.0,0.0,-142.5258592214497,0.0,0.0,-6.228566676927604,-6.327265689001239,9.481092894990985,3.124756858691369
11,50249457,2024.0,2011.0,13.0,14664.0,0.0,1.0,0.0,51.9,67.7,0.66,1.34,1.1,30.90444650891879,9.5,25.0,4.221504188524732,5.530028178784422,0.16506995632222757,0.48927777738130507,0.0,1.0,0.0,51.9,67.7,0.66,1.34,1.1,106.3,9.5,25.0,7.61933732320644,8.899492525945051,-6.987040629592726,-0.3226975590104886,,0.0,0.0,0.0,0.0,0.0,0.0,0.0,0.0,-75.3955534910812,0.0,0.0,-3.397833134681708,-3.36946434716063,7.152110585914953,0.8119753363917936
12,50250035,2024.0,2013.0,11.0,14664.0,0.0,1.0,0.0,51.0,70.0,0.75,1.41,1.19,33.152841815693826,10.11,25.0,3.1394538640401852,4.570095199352363,-0.41610153257904325,0.5541880229842833,0.0,1.0,0.0,51.0,70.0,0.75,1.41,1.19,156.87,10.11,25.0,10.556226273177474,11.458220557409955,-10.525468190860009,-1.8024352907098726,,0.0,0.0,0.0,0.0,0.0,0.0,0.0,0.0,-123.71715818430619,0.0,0.0,-7.416772409137289,-6.888125358057592,10.109366658280965,2.356623313694156
13,50277055,2024.0,2013.0,11.0,14664.0,0.0,1.0,0.0,46.8,62.8,0.72,1.32,1.16,20.58265843173071,15.51,40.0,4.6919386881181575,6.0339546734285365,-0.6700644173760529,0.4228609512824766,0.0,1.0,0.0,46.8,62.8,0.72,1.32,1.16,149.18,15.51,40.0,10.418234128937272,11.865488449541461,-10.292295112198817,-1.23176064093864,,0.0,0.0,0.0,0.0,0.0,0.0,0.0,0.0,-128.5973415682693,0.0,0.0,-5.726295440819114,-5.8315337761129244,9.622230694822763,1.6546215922211165
14,50282127,2024.0,2015.0,9.0,14664.0,0.0,1.0,0.0,46.8,62.8,0.72,1.32,1.16,57.057844980183546,15.51,40.0,3.8576742321144546,5.340818033283311,-0.026523751969409554,0.15975221905439574,0.0,1.0,0.0,46.8,62.8,0.72,1.32,1.16,149.18,15.51,40.0,6.797240291248189,8.017658096909624,-6.050854741055837,-0.8935940317771218,,0.0,0.0,0.0,0.0,0.0,0.0,0.0,0.0,-92.12215501981646,0.0,0.0,-2.939566059133734,-2.6768400636263134,6.024330989086428,1.0533462508315177
0,24917,2024.0,1997.0,27.0,14664.0,0.0,1.0,0.0,54.8,72.0,0.73,1.4,1.3,200.4,26.353804462804835,40.0,4.309700243129135,5.363829089951518,0.6491135955607774,0.20588511914561347,0.0,1.0,0.0,54.8,72.0,0.73,1.4,1.3,200.4,15.6,40.0,4.737508713336393,5.781922544447535,-1.5732982551534136,0.07726283982702198,,0.0,0.0,0.0,0.0,0.0,0.0,0.0,0.0,0.0,10.753804462804835,0.0,-0.42780847020725776,-0.41809345449601665,2.222411850714191,0.1286222793185915
1,33291,2024.0,1998.0,26.0,14664.0,0.0,1.0,0.0,47.9,65.4,0.74,1.43,1.3,244.3,57.2135734720793,50.0,2.347992593239561,2.911804231362415,0.09705904148253756,0.6877465244450149,0.0,1.0,0.0,47.9,65.4,0.74,1.43,1.3,244.3,19.97,50.0,6.079759353714199,6.772061434641364,-6.000365133537553,-0.6889808051820201,,0.0,0.0,0.0,0.0,0.0,0.0,0.0,0.0,0.0,37.2435734720793,0.0,-3.7317667604746383,-3.8602572032789486,6.09742417502009,1.376727329627035
2,5004597,2024.0,2001.0,23.0,14664.0,0.0,1.0,0.0,48.9,65.7,0.62,1.98,1.3,216.05,22.344711309730194,40.0,2.5177732591356747,3.7795200871902384,-0.22580007700000518,0.6188672731247558,0.0,1.0,0.0,48.9,65.7,0.62,1.98,1.3,216.05,16.15,40.0,2.870896387484958,4.253589330448526,-1.8763935344814813,0.5172591594532627,,0.0,0.0,0.0,0.0,0.0,0.0,0.0,0.0,0.0,6.194711309730195,0.0,-0.3531231283492833,-0.4740692432582878,1.650593457481476,0.10160811367149303
3,5004625,2024.0,2001.0,23.0,14664.0,0.0,1.0,0.0,48.9,65.7,0.62,1.98,1.3,223.28,22.630837068780803,40.0,2.671829149373062,3.984481223260894,-0.18517025031834905,0.6145683020890158,0.0,1.0,0.0,48.9,65.7,0.62,1.98,1.3,223.28,16.02,40.0,3.081849102951487,4.448062809240475,-1.9279424062463928,0.5196633982197425,,0.0,0.0,0.0,0.0,0.0,0.0,0.0,0.0,0.0,6.610837068780803,0.0,-0.4100199535784248,-0.4635815859795809,1.7427721559280438,0.0949049038692733
4,5017843,2024.0,2005.0,19.0,14664.0,0.0,1.0,0.0,45.4,60.8,0.9,1.6,1.35,157.09,32.75785721166979,25.0,1.7238082639759602,2.2145107444778382,-0.04144013134243584,0.870523026329221,0.0,1.0,0.0,45.4,60.8,0.9,1.6,1.35,157.09,11.15,25.0,5.3513484069639485,5.765622152884834,-5.330528353407116,0.12233392464844728,,0.0,0.0,0.0,0.0,0.0,0.0,0.0,0.0,0.0,21.60785721166979,0.0,-3.6275401429879883,-3.551111408406996,5.28908822206468,0.7481891016807737
5,5017873,2024.0,2004.0,20.0,14664.0,0.0,1.0,0.0,45.4,60.8,0.9,1.6,1.35,157.09,36.212647936466084,25.0,2.104083177290287,2.689151629053121,-0.029857410361337797,0.7217415790106041,0.0,1.0,0.0,45.4,60.8,0.9,1.6,1.35,157.09,11.15,25.0,5.711494203676934,6.2758684303035785,-5.661650577371349,-0.5155329928818477,,0.0,0.0,0.0,0.0,0.0,0.0,0.0,0.0,0.0,25.062647936466085,0.0,-3.607411026386647,-3.5867168012504576,5.631793167010011,1.2372745718924518
6,5025312,2024.0,2007.0,17.0,14664.0,0.0,1.0,0.0,51.9,67.7,0.66,1.34,1.1,106.3,24.257878407027526,25.0,2.4057329495861253,2.9204739602648546,0.012014312491643298,0.7329227039864906,0.0,1.0,0.0,51.9,67.7,0.66,1.34,1.1,106.3,12.27,25.0,4.933581171232843,5.728841133143322,-4.843098085340972,-0.027694073281786302,,0.0,0.0,0.0,0.0,0.0,0.0,0.0,0.0,0.0,11.987878407027527,0.0,-2.527848221646718,-2.8083671728784676,4.855112397832615,0.7606167772682769
7,5026188,2024.0,2006.0,18.0,14664.0,0.0,1.0,0.0,49.4,71.9,0.79,1.39,1.3,271.8,57.92892925037425,50.0,2.3040380148352773,2.881235109687739,0.11141429151750212,0.6496368911939863,0.0,1.0,0.0,49.4,71.9,0.79,1.39,1.3,271.8,18.15,50.0,6.175639064701247,6.8396954455900865,-6.080098792155109,-0.9743970927366776,,0.0,0.0,0.0,0.0,0.0,0.0,0.0,0.0,0.0,39.778929250374254,0.0,-3.87160104986597,-3.9584603359023474,6.1915130836726116,1.624033983930664
8,5027447,2024.0,2007.0,17.0,14664.0,0.0,1.0,0.0,46.7,63.0,0.9,1.6,1.09,236.62,122.64795815606234,50.0,4.110581627915693,6.368401940825643,-0.28182307065448514,0.3002194664948833,0.0,1.0,0.0,46.7,63.0,0.9,1.6,1.09,236.62,17.18,50.0,13.087093426811434,14.35594535778994,-12.82365222598761,-2.556022648200472,,0.0,0.0,0.0,0.0,0.0,0.0,0.0,0.0,0.0,105.46795815606234,0.0,-8.976511798895741,-7.987543416964297,12.541829155333124,2.8562421146953554
9,5030256,2024.0,2007.0,17.0,14664.0,0.0,1.0,0.0,51.9,67.7,0.66,1.34,1.1,106.3,106.89030527227736,25.0,4.741532534489659,6.1333095711931,-0.34417810224777834,0.18664645779346045,0.0,1.0,0.0,51.9,67.7,0.66,1.34,1.1,106.3,12.27,25.0,12.441483987553202,13.941920699829632,-12.32449951001153,-3.202762101374492,,0.0,0.0,0.0,0.0,0.0,0.0,0.0,0.0,0.0,94.62030527227736,0.0,-7.699951453063543,-7.8086111286365325,11.980321407763752,3.3894085591679524
10,50033827,2024.0,2008.0,16.0,14664.0,0.0,1.0,0.0,54.1,67.4,0.73,1.48,1.13,186.51,69.41521645747981,40.0,3.3483531866654475,4.09292661070743,-0.07627675606598934,0.4299573898458401,0.0,1.0,0.0,54.1,67.4,0.73,1.48,1.13,186.51,16.37,40.0,9.57691986195348,10.420192300099295,-9.557369511619347,-2.694799468954338,,0.0,0.0,0.0,0.0,0.0,0.0,0.0,0.0,0.0,53.04521645747981,0.0,-6.228566675288032,-6.327265689391865,9.481092755553359,3.124756858800178
11,50249457,,,,,,,,,,,,,,,,,,,,,,,,,,,,,,,,,,,Initial guess is outside of provided bounds,,,,,,,,,,,,,,,
12,50250035,2024.0,2013.0,11.0,14664.0,0.0,1.0,0.0,51.0,70.0,0.75,1.41,1.19,156.87,47.83769903011291,25.0,3.139453855234495,4.570095214490874,-0.41610171585117983,0.5541880200307652,0.0,1.0,0.0,51.0,70.0,0.75,1.41,1.19,156.87,10.11,25.0,10.556226273177474,11.458220557409955,-10.525468190860009,-1.8024352907098726,,0.0,0.0,0.0,0.0,0.0,0.0,0.0,0.0,0.0,37.72769903011291,0.0,-7.41677241794298,-6.888125342919081,10.109366475008828,2.3566233107406376
13,50277055,2024.0,2013.0,11.0,14664.0,0.0,1.0,0.0,46.8,62.8,0.72,1.32,1.16,149.18,112.41413734421631,40.0,4.691938687832869,6.033954674203818,-0.6700644403165857,0.42286095113416766,0.0,1.0,0.0,46.8,62.8,0.72,1.32,1.16,149.18,15.51,40.0,10.418234128937272,11.865488449541461,-10.292295112198817,-1.23176064093864,,0.0,0.0,0.0,0.0,0.0,0.0,0.0,0.0,0.0,96.90413734421631,0.0,-5.726295441104402,-5.831533775337643,9.622230671882232,1.6546215920728076
14,50282127,2024.0,2015.0,9.0,14664.0,0.0,1.0,0.0,46.8,62.8,0.72,1.32,1.16,149.18,40.551507656615634,40.0,3.857674237371422,5.340818025638952,-0.026524300723399806,0.15975222145970347,0.0,1.0,0.0,46.8,62.8,0.72,1.32,1.16,149.18,15.51,40.0,6.797240291248189,8.017658096909624,-6.050854741055837,-0.8935940317771218,,0.0,0.0,0.0,0.0,0.0,0.0,0.0,0.0,0.0,25.041507656615636,0.0,-2.9395660538767667,-2.6768400712706724,6.024330440332437,1.0533462532368252
0,24917,2024.0,1997.0,27.0,14664.0,0.0,1.0,0.0,54.8,72.0,0.73,1.4,1.3,200.4,15.6,39.947447445290045,4.737658210278073,5.781722969875157,-1.538587044710972,0.07732653894941843,0.0,1.0,0.0,54.8,72.0,0.73,1.4,1.3,200.4,15.6,40.0,4.737508713336393,5.781922544447535,-1.5732982551534136,0.07726283982702198,,0.0,0.0,0.0,0.0,0.0,0.0,0.0,0.0,0.0,0.0,-0.05255255470995479,0.000149496941680205,-0.00019957457237751441,0.03471121044244163,6.369912239645448e-05
1,33291,2024.0,1998.0,26.0,14664.0,0.0,1.0,0.0,47.9,65.4,0.74,1.43,1.3,244.3,19.97,37.394815909916595,4.5370850120484105,5.407881342575908,-2.5607660354656496,-0.07705341795831622,0.0,1.0,0.0,47.9,65.4,0.74,1.43,1.3,244.3,19.97,50.0,6.079759353714199,6.772061434641364,-6.000365133537553,-0.6889808051820201,,0.0,0.0,0.0,0.0,0.0,0.0,0.0,0.0,0.0,0.0,-12.605184090083405,-1.5426743416657889,-1.3641800920654559,3.4395990980719033,0.6119273872237039
2,5004597,2024.0,2001.0,23.0,14664.0,0.0,1.0,0.0,48.9,65.7,0.62,1.98,1.3,216.05,16.15,37.13467444735936,2.8357582533175494,4.19425305435308,-1.4082062405603313,0.5306333964764135,0.0,1.0,0.0,48.9,65.7,0.62,1.98,1.3,216.05,16.15,40.0,2.870896387484958,4.253589330448526,-1.8763935344814813,0.5172591594532627,,0.0,0.0,0.0,0.0,0.0,0.0,0.0,0.0,0.0,0.0,-2.865325552640641,-0.03513813416740863,-0.05933627609544612,0.46818729392115,0.01337423702315077
3,5004625,2024.0,2001.0,23.0,14664.0,0.0,1.0,0.0,48.9,65.7,0.62,1.98,1.3,223.28,16.02,36.15467069963532,3.0261145959694353,4.345296137011817,-1.3204816950775202,0.5416021014830639,0.0,1.0,0.0,48.9,65.7,0.62,1.98,1.3,223.28,16.02,40.0,3.081849102951487,4.448062809240475,-1.9279424062463928,0.5196633982197425,,0.0,0.0,0.0,0.0,0.0,0.0,0.0,0.0,0.0,0.0,-3.845329300364682,-0.055734506982051624,-0.10276667222865754,0.6074607111688726,0.02193870326332137
4,5017843,2024.0,2005.0,19.0,14664.0,0.0,1.0,0.0,45.4,60.8,0.9,1.6,1.35,157.09,11.15,14.313476831969032,4.400495702779481,5.304416410954546,-3.496494878821703,0.25713110122916605,0.0,1.0,0.0,45.4,60.8,0.9,1.6,1.35,157.09,11.15,25.0,5.3513484069639485,5.765622152884834,-5.330528353407116,0.12233392464844728,,0.0,0.0,0.0,0.0,0.0,0.0,0.0,0.0,0.0,0.0,-10.686523168030968,-0.9508527041844674,-0.4612057419302884,1.834033474585413,0.13479717658071877
5,5017873,2024.0,2004.0,20.0,14664.0,0.0,1.0,0.0,45.4,60.8,0.9,1.6,1.35,157.09,11.15,16.974906964606248,3.2514776760049746,4.000215424658119,-1.4087963059934434,0.3842782500824167,0.0,1.0,0.0,45.4,60.8,0.9,1.6,1.35,157.09,11.15,25.0,5.711494203676934,6.2758684303035785,-5.661650577371349,-0.5155329928818477,,0.0,0.0,0.0,0.0,0.0,0.0,0.0,0.0,0.0,0.0,-8.025093035393752,-2.4600165276719594,-2.2756530056454594,4.252854271377905,0.8998112429642644
6,5025312,2024.0,2007.0,17.0,14664.0,0.0,1.0,0.0,51.9,67.7,0.66,1.34,1.1,106.3,12.27,17.981523807507184,3.4688043208812673,4.32142356527613,-1.4537617067174418,0.4152315060375835,0.0,1.0,0.0,51.9,67.7,0.66,1.34,1.1,106.3,12.27,25.0,4.933581171232843,5.728841133143322,-4.843098085340972,-0.027694073281786302,,0.0,0.0,0.0,0.0,0.0,0.0,0.0,0.0,0.0,0.0,-7.018476192492816,-1.464776850351576,-1.407417567867192,3.38933637862353,0.4429255793193698
7,5026188,2024.0,2006.0,18.0,14664.0,0.0,1.0,0.0,49.4,71.9,0.79,1.39,1.3,271.8,18.15,38.354052576063545,4.642112697393649,5.490621738534013,-2.5854352052781104,-0.2723424733480184,0.0,1.0,0.0,49.4,71.9,0.79,1.39,1.3,271.8,18.15,50.0,6.175639064701247,6.8396954455900865,-6.080098792155109,-0.9743970927366776,,0.0,0.0,0.0,0.0,0.0,0.0,0.0,0.0,0.0,0.0,-11.645947423936455,-1.5335263673075987,-1.3490737070560739,3.4946635868769986,0.7020546193886592
8,5027447,2024.0,2007.0,17.0,14664.0,0.0,1.0,0.0,46.7,63.0,0.9,1.6,1.09,236.62,17.18,29.288637847584116,8.554302002207018,10.928815536950713,-5.459359537707831,-1.0608534827774396,0.0,1.0,0.0,46.7,63.0,0.9,1.6,1.09,236.62,17.18,50.0,13.087093426811434,14.35594535778994,-12.82365222598761,-2.556022648200472,,0.0,0.0,0.0,0.0,0.0,0.0,0.0,0.0,0.0,0.0,-20.711362152415884,-4.532791424604415,-3.4271298208392267,7.364292688279779,1.4951691654230324
9,5030256,2024.0,2007.0,17.0,14664.0,0.0,1.0,0.0,51.9,67.7,0.66,1.34,1.1,106.3,12.27,20.106983852066584,7.281923372192819,9.170808379906605,-2.9468857471923533,-0.8184645086002391,0.0,1.0,0.0,51.9,67.7,0.66,1.34,1.1,106.3,12.27,25.0,12.441483987553202,13.941920699829632,-12.32449951001153,-3.202762101374492,,0.0,0.0,0.0,0.0,0.0,0.0,0.0,0.0,0.0,0.0,-4.893016147933416,-5.159560615360383,-4.771112319923027,9.377613762819177,2.384297592774253
10,50033827,2024.0,2008.0,16.0,14664.0,0.0,1.0,0.0,54.1,67.4,0.73,1.48,1.13,186.51,16.37,29.83707561947837,5.881056723745813,6.954327013121564,-2.731940617643982,-0.6456960332049206,0.0,1.0,0.0,54.1,67.4,0.73,1.48,1.13,186.51,16.37,40.0,9.57691986195348,10.420192300099295,-9.557369511619347,-2.694799468954338,,0.0,0.0,0.0,0.0,0.0,0.0,0.0,0.0,0.0,0.0,-10.16292438052163,-3.6958631382076668,-3.4658652869777304,6.825428893975365,2.0491034357494176
11,50249457,2024.0,2011.0,13.0,14664.0,0.0,1.0,0.0,51.9,67.7,0.66,1.34,1.1,106.3,9.5,20.446748867023437,5.604574747778227,6.727308015922212,-2.1705717505438256,0.24418989825125992,0.0,1.0,0.0,51.9,67.7,0.66,1.34,1.1,106.3,9.5,25.0,7.61933732320644,8.899492525945051,-6.987040629592726,-0.3226975590104886,,0.0,0.0,0.0,0.0,0.0,0.0,0.0,0.0,0.0,0.0,-4.553251132976563,-2.014762575428213,-2.1721845100228396,4.8164688790489,0.5668874572617485
12,50250035,2024.0,2013.0,11.0,14664.0,0.0,1.0,0.0,51.0,70.0,0.75,1.41,1.19,156.87,10.11,15.230220419011632,7.451544582306996,9.029445823496316,-5.654271674488322,-0.7402972391444416,0.0,1.0,0.0,51.0,70.0,0.75,1.41,1.19,156.87,10.11,25.0,10.556226273177474,11.458220557409955,-10.525468190860009,-1.8024352907098726,,0.0,0.0,0.0,0.0,0.0,0.0,0.0,0.0,0.0,0.0,-9.769779580988368,-3.1046816908704784,-2.42877473391364,4.871196516371687,1.062138051565431
13,50277055,2024.0,2013.0,11.0,14664.0,0.0,1.0,0.0,46.8,62.8,0.72,1.32,1.16,149.18,15.51,32.780130275707094,6.237444025500955,7.6436715579067025,-1.9200651169350191,0.07385196977613606,0.0,1.0,0.0,46.8,62.8,0.72,1.32,1.16,149.18,15.51,40.0,10.418234128937272,11.865488449541461,-10.292295112198817,-1.23176064093864,,0.0,0.0,0.0,0.0,0.0,0.0,0.0,0.0,0.0,0.0,-7.219869724292906,-4.180790103436316,-4.2218168916347585,8.372229995263798,1.305612610714776
14,50282127,2024.0,2015.0,9.0,14664.0,0.0,1.0,0.0,46.8,62.8,0.72,1.32,1.16,149.18,15.51,30.01588068479304,5.3354204942552395,6.574136601229299,-2.739287334702725,-0.2731197608041367,0.0,1.0,0.0,46.8,62.8,0.72,1.32,1.16,149.18,15.51,40.0,6.797240291248189,8.017658096909624,-6.050854741055837,-0.8935940317771218,,0.0,0.0,0.0,0.0,0.0,0.0,0.0,0.0,0.0,0.0,-9.98411931520696,-1.4618197969929492,-1.4435214956803248,3.311567406353112,0.6204742709729851
